time;duration;id;artist;title;hook;cover
2025-06-13 00:03:49;168;31620257;Ásdís;Flashback;https://hooks.swr.de/28468/2048333.mp3;https://onair.swr.de/covers/swr/swrhfdb1.KONF.52704498?stationid=28468
2025-06-13 00:06:24;216;31620260;Lionel Richie;Angel;https://hooks.swr.de/28468/M0406457.003.mp3;https://onair.swr.de/covers/swr/swrhfdb1.KONF.44804176?stationid=28468
2025-06-13 00:09:51;133;31620263;Loi;The way I want it;https://hooks.swr.de/28468/2062018.mp3;https://onair.swr.de/covers/swr/swrhfdb1.KONF.52719007?stationid=28468
2025-06-13 00:14:35;178;31620268;Kygo X OneRepublic;Chasing paradise;https://hooks.swr.de/28468/2200451.mp3;https://onair.swr.de/covers/swr/swrhfdb1.KONF.53586175?stationid=28468
2025-06-13 00:17:30;230;31620272;Suzanne Vega;Luka;https://hooksswr-a.akamaihd.net/28468/M0025906.002.mp3;https://onair.swr.de/covers/swr/swrhfdb1.KONF.6403492?stationid=28468
2025-06-13 00:23:49;189;31620279;Apache 207;Morgen;https://hooks.swr.de/28468/2243008.mp3;https://onair.swr.de/covers/swr/swrhfdb1.KONF.53698372?stationid=28468
2025-06-13 00:28:23;194;31620285;Alma;Chasing highs;https://hooks.swr.de/28468/M0475457.001.mp3;https://onair.swr.de/covers/swr/swrhfdb1.KONF.45572245?stationid=28468
2025-06-13 00:31:32;171;31620289;Picture This;Get on my love;https://hooks.swr.de/28468/1766780.mp3;https://onair.swr.de/covers/swr/swrhfdb1.KONF.50173557?stationid=28468
2025-06-13 00:32:33;158;31620290;Alvaro Soler;Te imaginaba;https://hooks.swr.de/28468/2073297.mp3;https://onair.swr.de/covers/swr/swrhfdb1.KONF.52740111?stationid=28468
2025-06-13 00:35:25;228;31620293;Jennifer Lopez feat. Pitbull;On the floor;https://hooks.swr.de/28468/M0269786.001.mp3;https://onair.swr.de/covers/swr/swrhfdb1.KONF.21339053?stationid=28468
2025-06-13 00:39:10;215;31620296;Coldplay feat. Little Simz, Burna Boy, Elyanna & Tini;We pray;https://hooks.swr.de/28468/2103344.mp3;https://onair.swr.de/covers/swr/swrhfdb1.KONF.53048106?stationid=28468
2025-06-13 00:43:30;246;31620299;Billy Joel;All about soul;https://hooks.swr.de/28468/M0513274.017.mp3;https://onair.swr.de/covers/swr/swrhfdb1.KONF.46018798?stationid=28468
2025-06-13 00:47:30;174;31620306;Dua Lipa;Dance the night;https://hooks.swr.de/28468/1863759.mp3;https://onair.swr.de/covers/swr/swrhfdb1.KONF.50802142?stationid=28468
2025-06-13 00:53:10;212;31620314;Ravyn Lenae;Love me not;https://hooks.swr.de/28468/2240556.mp3;https://onair.swr.de/covers/swr/swrhfdb1.KONF.53668810?stationid=28468
2025-06-13 00:56:24;233;31620318;Incubus;Drive;https://hooks.swr.de/28468/M0556029.001.mp3;https://onair.swr.de/covers/swr/swrhfdb1.KONF.46536381?stationid=28468
2025-06-13 01:03:45;228;31620323;Miley Cyrus;End of the world;https://hooks.swr.de/28468/2222663.mp3;https://onair.swr.de/covers/swr/swrhfdb1.KONF.53637602?stationid=28468
2025-06-13 01:07:59;250;31620325;Eminem feat. Rihanna;The monster;https://hooks.swr.de/28468/M0345790.001.mp3;https://onair.swr.de/covers/swr/swrhfdb1.KONF.41932372?stationid=28468
2025-06-13 01:12:09;152;31620333;Tiësto;Lay low;https://hooks.swr.de/28468/1803111.mp3;https://onair.swr.de/covers/swr/swrhfdb1.KONF.50211187?stationid=28468
2025-06-13 01:14:41;192;31620339;Doechii;Anxiety;https://hooks.swr.de/28468/2224082.mp3;https://onair.swr.de/covers/swr/swrhfdb1.KONF.53634816?stationid=28468
2025-06-13 01:20:06;221;31620344;Scorpions;Wind of change;https://hooks.swr.de/28468/M0516872.002.mp3;https://onair.swr.de/covers/swr/swrhfdb1.KONF.46077524?stationid=28468
2025-06-13 01:26:11;158;31620348;Alle Farben feat. PollyAnna;Let it rain down;https://hooksswr-a.akamaihd.net/28468/1707766.m.mp3;https://onair.swr.de/covers/swr/swrhfdb1.KONF.49276698?stationid=28468
2025-06-13 01:28:36;261;31620352;The Fray;How to save a life;https://hooks.swr.de/28468/M0052419.003.mp3;https://onair.swr.de/covers/swr/swrhfdb1.KONF.7409984?stationid=28468
2025-06-13 01:33:57;155;31620357;Benson Boone;Sorry I'm here for someone else;https://hooks.swr.de/28468/2205777.mp3;https://onair.swr.de/covers/swr/swrhfdb1.KONF.53611557?stationid=28468
2025-06-13 01:35:54;222;31620361;Lady Gaga;Hold my hand;https://hooks.swr.de/28468/M0684566.001.mp3;https://onair.swr.de/covers/swr/swrhfdb1.KONF.49252436?stationid=28468
2025-06-13 01:39:29;211;31620365;Post Malone;Circles;https://hooks.swr.de/28468/M0575005.001.mp3;https://onair.swr.de/covers/swr/swrhfdb1.KONF.46849998?stationid=28468
2025-06-13 01:43:25;245;31620368;Rosa Linn;Snap;https://hooks.swr.de/28468/M0685459.001.mp3;https://onair.swr.de/covers/swr/swrhfdb1.KONF.49276252?stationid=28468
2025-06-13 01:47:30;292;31620372;Toto;Africa;https://hooksswr-a.akamaihd.net/28468/M0050878.003.mp3;https://onair.swr.de/covers/swr/swrhfdb1.KONF.7399518?stationid=28468
2025-06-13 01:53:15;203;31620378;Avril Lavigne;Sk8ter boi (Skater boy);https://hooks.swr.de/28468/M0004776.003.mp3;https://onair.swr.de/covers/swr/swrhfdb1.KONF.4536607?stationid=28468
2025-06-13 01:56:37;196;31620382;BTS;Dynamite;https://hooks.swr.de/28468/M0599679.001.mp3;https://onair.swr.de/covers/swr/swrhfdb1.KONF.47249052?stationid=28468
2025-06-13 02:04:15;183;31620389;Teddy Swims;Bad dreams;https://hooks.swr.de/28468/2119229.mp3;https://onair.swr.de/covers/swr/swrhfdb1.KONF.53089180?stationid=28468
2025-06-13 02:06:54;231;31620394;Sting;Desert rose;https://hooks.swr.de/28468/M0039574.001.mp3;https://onair.swr.de/covers/swr/swrhfdb1.KONF.6501462?stationid=28468
2025-06-13 02:10:38;170;31620395;Alok x Sigala x Ellie Goulding;All by myself;https://hooks.swr.de/28468/1738445.mp3;https://onair.swr.de/covers/swr/swrhfdb1.KONF.49856113?stationid=28468
2025-06-13 02:13:26;159;31620400;Ed Sheeran;Azizam;https://hooks.swr.de/28468/2222580.mp3;https://onair.swr.de/covers/swr/swrhfdb1.KONF.53637599?stationid=28468
2025-06-13 02:17:36;237;31620405;Cyndi Lauper;Time after time;https://hooks.swr.de/28468/M0026744.004.mp3;https://onair.swr.de/covers/swr/swrhfdb1.KONF.5600033?stationid=28468
2025-06-13 02:21:25;191;31620409;Max Giesinger & Johannes Oerding;Wimpernschlag;https://hooks.swr.de/28468/2245876.mp3;https://onair.swr.de/covers/swr/swrhfdb1.KONF.53796744?stationid=28468
2025-06-13 02:24:33;247;31620413;FUN. feat. Janelle Monáe;We are young;https://hooks.swr.de/28468/M0298710.001.mp3;https://onair.swr.de/covers/swr/swrhfdb1.KONF.29478913?stationid=28468
2025-06-13 02:28:32;171;31620417;Marshmello & Halsey;Be kind;https://hooks.swr.de/28468/M0592261.001.mp3;https://onair.swr.de/covers/swr/swrhfdb1.KONF.47111662?stationid=28468
2025-06-13 02:32:16;147;31620421;Mark Ambor;Belong together;https://hooks.swr.de/28468/2026939.mp3;https://onair.swr.de/covers/swr/swrhfdb1.KONF.52629709?stationid=28468
2025-06-13 02:35:28;188;31620426;Bebe Rexha;I got you;https://hooks.swr.de/28468/M0452177.001.mp3;https://onair.swr.de/covers/swr/swrhfdb1.KONF.45259924?stationid=28468
2025-06-13 02:38:34;159;31620427;Michael Schulte;Afterlife;https://hooks.swr.de/28468/2223322.mp3;https://onair.swr.de/covers/swr/swrhfdb1.KONF.53637675?stationid=28468
2025-06-13 02:42:25;240;31620432;Natalie Imbruglia;Torn;https://hooks.swr.de/28468/M0034186.001.mp3;https://onair.swr.de/covers/swr/swrhfdb1.KONF.6181396?stationid=28468
2025-06-13 02:46:11;192;31620437;Robbie Williams;Forbidden road;https://hooks.swr.de/28468/2149354.mp3;https://onair.swr.de/covers/swr/swrhfdb1.KONF.53549498?stationid=28468
2025-06-13 02:50:02;177;31620441;Hurts X Purple Disco Machine;Wonderful life '25;https://hooks.swr.de/28468/2243126.mp3;https://onair.swr.de/covers/swr/swrhfdb1.KONF.53700243?stationid=28468
2025-06-13 02:49:09;211;31620445;Hurts;Wonderful life;https://hooks.swr.de/28468/M0257216.001.mp3;https://onair.swr.de/covers/swr/swrhfdb1.KONF.17074220?stationid=28468
2025-06-13 02:52:57;210;31620447;No Angels;Daylight in your eyes;https://hooks.swr.de/28468/M0007042.006.mp3;https://onair.swr.de/covers/swr/swrhfdb1.KONF.4552271?stationid=28468
2025-06-13 02:56:09;230;31620451;Cian Ducrot;Heaven;https://hooks.swr.de/28468/1869276.mp3;https://onair.swr.de/covers/swr/swrhfdb1.KONF.50807825?stationid=28468
2025-06-13 03:04:14;214;31620456;FAST BOY & ClockClock;Born again;https://hooks.swr.de/28468/2219373.mp3;https://onair.swr.de/covers/swr/swrhfdb1.KONF.53629680?stationid=28468
2025-06-13 03:07:45;225;31620460;Bosse;Schönste Zeit;https://hooks.swr.de/28468/M0321984.001.mp3;https://onair.swr.de/covers/swr/swrhfdb1.KONF.36165278?stationid=28468
2025-06-13 03:11:27;168;31620461;Dasha;Austin;https://hooks.swr.de/28468/2037722.mp3;https://onair.swr.de/covers/swr/swrhfdb1.KONF.52683087?stationid=28468
2025-06-13 03:14:02;193;31620466;Ava Max;Lost your faith;https://hooks.swr.de/28468/2187921.mp3;https://onair.swr.de/covers/swr/swrhfdb1.KONF.53596861?stationid=28468
2025-06-13 03:18:55;314;31620470;Metallica;Enter Sandman;https://hooks.swr.de/28468/M0018391.001.mp3;https://onair.swr.de/covers/swr/swrhfdb1.KONF.4861736?stationid=28468
2025-06-13 03:24:29;164;31620474;Tate McRae;You broke me first;https://hooks.swr.de/28468/M0596962.001.mp3;https://onair.swr.de/covers/swr/swrhfdb1.KONF.47187190?stationid=28468
2025-06-13 03:27:11;191;31620478;Dante Thomas;Miss California;https://hooks.swr.de/28468/M0406398.001.mp3;https://onair.swr.de/covers/swr/swrhfdb1.KONF.44802796?stationid=28468
2025-06-13 03:31:18;184;31620483;Glockenbach feat. Norma Jean Martine;Anthem;https://hooksswr-a.akamaihd.net/28468/2211444.mp3;https://onair.swr.de/covers/swr/swrhfdb1.KONF.53611193?stationid=28468
2025-06-13 03:34:02;174;31620486;Justin Wellington feat. Small Jam;Iko iko;https://hooks.swr.de/28468/M0662953.001.mp3;https://onair.swr.de/covers/swr/swrhfdb1.KONF.47759934?stationid=28468
2025-06-13 03:36:55;172;31620491;Pink;Walk me home;https://hooks.swr.de/28468/M0561185.001.mp3;https://onair.swr.de/covers/swr/swrhfdb1.KONF.46636620?stationid=28468
2025-06-13 03:42:37;158;31620495;David Puentez;Burn;https://hooks.swr.de/28468/2208666.mp3;https://onair.swr.de/covers/swr/swrhfdb1.KONF.53565470?stationid=28468
2025-06-13 03:45:13;352;31620499;Guns n' Roses;Sweet child o' mine;https://hooksswr-a.akamaihd.net/28468/M0516774.001.mp3;https://onair.swr.de/covers/swr/swrhfdb1.KONF.46075279?stationid=28468
2025-06-13 03:51:05;175;31620502;Sophie And The Giants;Shut up and dance;https://hooks.swr.de/28468/2051673.mp3;https://onair.swr.de/covers/swr/swrhfdb1.KONF.52711081?stationid=28468
2025-06-13 03:54:19;205;31620509;Blue feat. Elton John;Sorry seems to be the hardest word;https://hooks.swr.de/28468/M0003977.004.mp3;https://onair.swr.de/covers/swr/swrhfdb1.KONF.4277227?stationid=28468
2025-06-13 03:57:01;173;31620513;Regard & Raye;Secrets;https://hooks.swr.de/28468/M0591714.001.mp3;https://onair.swr.de/covers/swr/swrhfdb1.KONF.47105061?stationid=28468
2025-06-13 04:04:12;172;31620518;Lost Frequencies x Bastille;Head down;https://hooks.swr.de/28468/1986676.mp3;https://onair.swr.de/covers/swr/swrhfdb1.KONF.51924482?stationid=28468
2025-06-13 04:06:56;226;31620523;Destiny's Child;Say my name;https://hooks.swr.de/28468/M0505627.001.mp3;https://onair.swr.de/covers/swr/swrhfdb1.KONF.45917657?stationid=28468
2025-06-13 04:10:43;226;31620524;Dermot Kennedy;Kiss me;https://hooks.swr.de/28468/1723229.mp3;https://onair.swr.de/covers/swr/swrhfdb1.KONF.49563707?stationid=28468
2025-06-13 04:14:22;177;31620529;Leony;By your side (In my mind);https://hooks.swr.de/28468/2174383.mp3;https://onair.swr.de/covers/swr/swrhfdb1.KONF.53578286?stationid=28468
2025-06-13 04:19:03;204;31620535;Dexys Midnight Runners & The Emerald Express;Come on Eileen;https://hooks.swr.de/28468/M0024467.004.mp3;https://onair.swr.de/covers/swr/swrhfdb1.KONF.5370727?stationid=28468
2025-06-13 04:22:33;171;31620538;Persia Holder;Echo;https://hooks.swr.de/28468/2244217.mp3;https://onair.swr.de/covers/swr/swrhfdb1.KONF.53705846?stationid=28468
2025-06-13 04:25:21;207;31620543;David Guetta feat. Usher;Without you;https://hooks.swr.de/28468/M0286199.001.mp3;https://onair.swr.de/covers/swr/swrhfdb1.KONF.25535250?stationid=28468
2025-06-13 04:28:49;216;31620547;Giant Rooks;Watershed;https://hooks.swr.de/28468/M0587049.001.mp3;https://onair.swr.de/covers/swr/swrhfdb1.KONF.47027835?stationid=28468
2025-06-13 04:33:22;154;31620550;Felix Jaehn, Ray Dalton;Call it love;https://hooks.swr.de/28468/1727277.mp3;https://onair.swr.de/covers/swr/swrhfdb1.KONF.49751493?stationid=28468
2025-06-13 04:35:20;193;31620555;Carly Rae Jepsen;Call me maybe;https://hooks.swr.de/28468/M0299275.001.mp3;https://onair.swr.de/covers/swr/swrhfdb1.KONF.29658800?stationid=28468
2025-06-13 04:38:25;182;31620581;Neiked x Portugal. The Man;Glide;https://hooks.swr.de/28468/2220726.mp3;https://onair.swr.de/covers/swr/swrhfdb1.KONF.53630548?stationid=28468
2025-06-13 04:42:40;237;31620586;Sade;No ordinary love;https://hooks.swr.de/28468/M0033583.009.mp3;https://onair.swr.de/covers/swr/swrhfdb1.KONF.6096692?stationid=28468
2025-06-13 04:46:36;190;31620591;Linkin Park;The emptiness machine;https://hooks.swr.de/28468/2108228.mp3;https://onair.swr.de/covers/swr/swrhfdb1.KONF.53081727?stationid=28468
2025-06-13 04:50:12;143;31620597;Sarah Connor;SPINNA;https://hooks.swr.de/28468/2234238.mp3;https://onair.swr.de/covers/swr/swrhfdb1.KONF.53653607?stationid=28468
2025-06-13 04:52:43;214;31620599;Travis;Sing;https://hooks.swr.de/28468/M0022225.001.mp3;https://onair.swr.de/covers/swr/swrhfdb1.KONF.5131142?stationid=28468
2025-06-13 04:56:12;223;31620603;Alicia Keys;Girl on fire;https://hooks.swr.de/28468/M0313087.001.mp3;https://onair.swr.de/covers/swr/swrhfdb1.KONF.33663194?stationid=28468
2025-06-13 05:03:00;195;31620615;Alvaro Soler x Topic;Solo para ti;https://hooks.swr.de/28468/M0684240.001.mp3;https://onair.swr.de/covers/swr/swrhfdb1.KONF.49245306?stationid=28468
2025-06-13 05:04:50;195;31620617;Alvaro Soler x Topic;Solo para ti;https://hooks.swr.de/28468/M0684240.001.mp3;https://onair.swr.de/covers/swr/swrhfdb1.KONF.49245306?stationid=28468
2025-06-13 05:07:55;171;31620627;Bruno Mars;Treasure;https://hooks.swr.de/28468/M0336161.001.mp3;https://onair.swr.de/covers/swr/swrhfdb1.KONF.40690321?stationid=28468
2025-06-13 05:11:38;154;31620639;Shaboozey feat. Myles Smith;Blink twice;https://hooks.swr.de/28468/2229740.mp3;https://onair.swr.de/covers/swr/swrhfdb1.KONF.53642646?stationid=28468
2025-06-13 05:14:08;219;31620650;Soul II Soul;Back to life (However do you want me);https://hooksswr-a.akamaihd.net/28468/M0559004.001.mp3;https://onair.swr.de/covers/swr/swrhfdb1.KONF.46594303?stationid=28468
2025-06-13 05:14:09;208;31620653;Billie Eilish;Birds of a feather;https://hooks.swr.de/28468/2081603.mp3;https://onair.swr.de/covers/swr/swrhfdb1.KONF.52749002?stationid=28468
2025-06-13 05:17:35;161;31620658;Maroon 5 x Lisa;Priceless;https://hooks.swr.de/28468/2235694.mp3;https://onair.swr.de/covers/swr/swrhfdb1.KONF.53660558?stationid=28468
2025-06-13 05:22:57;189;31620678;Tom Gregory;River;https://hooks.swr.de/28468/M0641708.001.mp3;https://onair.swr.de/covers/swr/swrhfdb1.KONF.47602250?stationid=28468
2025-06-13 05:30:44;174;31620694;Nico Santos;Human being;https://hooks.swr.de/28468/2080149.mp3;https://onair.swr.de/covers/swr/swrhfdb1.KONF.52748169?stationid=28468
2025-06-13 05:38:00;211;31620711;The Cure;Friday I'm in love;https://hooks.swr.de/28468/M0325042.007.mp3;https://onair.swr.de/covers/swr/swrhfdb1.KONF.37326817?stationid=28468
2025-06-13 05:41:27;156;31620720;Kamrad;Be mine;https://hooks.swr.de/28468/2241318.mp3;https://onair.swr.de/covers/swr/swrhfdb1.KONF.53686685?stationid=28468
2025-06-13 05:44:23;196;31620727;Lana del Rey;Summertime sadness;https://hooks.swr.de/28468/M0303687.001.mp3;https://onair.swr.de/covers/swr/swrhfdb1.KONF.30820670?stationid=28468
2025-06-13 05:47:37;160;31620739;Harry Styles;As it was;https://hooks.swr.de/28468/M0683713.001.mp3;https://onair.swr.de/covers/swr/swrhfdb1.KONF.49230970?stationid=28468
2025-06-13 05:54:42;177;31620751;Junior Senior;Move your feet;https://hooks.swr.de/28468/M0515286.001.mp3;https://onair.swr.de/covers/swr/swrhfdb1.KONF.46048210?stationid=28468
2025-06-13 05:54:42;201;31620765;Lola Young;Messy;https://hooks.swr.de/28468/2173105.mp3;https://onair.swr.de/covers/swr/swrhfdb1.KONF.53576832?stationid=28468
2025-06-13 05:59:46;182;31620785;Lady Gaga & Ariana Grande;Rain on me;https://hooks.swr.de/28468/M0593555.001.mp3;https://onair.swr.de/covers/swr/swrhfdb1.KONF.47136847?stationid=28468
2025-06-13 06:05:26;178;31620787;Kygo X OneRepublic;Chasing paradise;https://hooks.swr.de/28468/2200451.mp3;https://onair.swr.de/covers/swr/swrhfdb1.KONF.53586175?stationid=28468
2025-06-13 20:03:00;159;31620788;Ed Sheeran;Azizam;https://hooks.swr.de/28468/2222580.mp3;https://onair.swr.de/covers/swr/swrhfdb1.KONF.53637599?stationid=28468
2025-06-13 06:08:19;163;31620803;Black Eyed Peas;Where is the love;https://hooks.swr.de/28468/M0004790.013.mp3;https://onair.swr.de/covers/swr/swrhfdb1.KONF.4536803?stationid=28468
2025-06-13 06:16:40;199;31620836;Hozier;Too sweet;https://hooks.swr.de/28468/2030237.mp3;https://onair.swr.de/covers/swr/swrhfdb1.KONF.52685812?stationid=28468
2025-06-13 06:13:37;238;31620837;Annie Lennox;Walking on broken glass;https://hooksswr-a.akamaihd.net/28468/M0088718.003.mp3;https://onair.swr.de/covers/swr/swrhfdb1.KONF.9007381?stationid=28468
2025-06-13 06:21:38;187;31620850;Vella;All my love;https://hooks.swr.de/28468/2178669.mp3;https://onair.swr.de/covers/swr/swrhfdb1.KONF.53582377?stationid=28468
2025-06-13 06:24:42;210;31620871;Die Toten Hosen;Altes Fieber;https://hooks.swr.de/28468/M0312628.001.mp3;https://onair.swr.de/covers/swr/swrhfdb1.KONF.33482827?stationid=28468
2025-06-13 06:28:05;165;31620886;Ava Max;Spot a fake;https://hooks.swr.de/28468/2121635.mp3;https://onair.swr.de/covers/swr/swrhfdb1.KONF.53093776?stationid=28468
2025-06-13 06:31:48;184;31620899;Alex Warren;Ordinary;https://hooks.swr.de/28468/2200476.mp3;https://onair.swr.de/covers/swr/swrhfdb1.KONF.53598319?stationid=28468
2025-06-13 06:38:22;203;31620924;Lena;Don't lie to me;https://hooks.swr.de/28468/M0563470.001.mp3;https://onair.swr.de/covers/swr/swrhfdb1.KONF.46659611?stationid=28468
2025-06-13 06:42:45;169;31620951;Swedish House Mafia & The Weeknd;Moth to a flame;https://hooks.swr.de/28468/M0678690.001.mp3;https://onair.swr.de/covers/swr/swrhfdb1.KONF.48438430?stationid=28468
2025-06-13 06:45:19;183;31620959;Mary J. Blige;Family affair;https://hooks.swr.de/28468/M0556021.001.mp3;https://onair.swr.de/covers/swr/swrhfdb1.KONF.46536359?stationid=28468
2025-06-13 06:48:47;161;31620968;Stefanie Heinzmann;Power;https://hooks.swr.de/28468/2222891.mp3;https://onair.swr.de/covers/swr/swrhfdb1.KONF.53637679?stationid=28468
2025-06-13 06:51:25;256;31620980;Duran Duran;The wild boys;https://hooks.swr.de/28468/M0518445.005.mp3;https://onair.swr.de/covers/swr/swrhfdb1.KONF.46094403?stationid=28468
2025-06-13 07:00:52;190;31621017;Twocolors x Safri Duo x Chris de Sarandy;Cynical;https://hooks.swr.de/28468/1884098.mp3;https://onair.swr.de/covers/swr/swrhfdb1.KONF.50865842?stationid=28468
2025-06-13 07:04:29;174;31621029;Rea Garvey;Halo;https://hooks.swr.de/28468/2104725.mp3;https://onair.swr.de/covers/swr/swrhfdb1.KONF.53049493?stationid=28468
2025-06-13 07:07:14;192;31621039;Alexandra Stan;Mr. Saxobeat;https://hooks.swr.de/28468/M0275565.001.mp3;https://onair.swr.de/covers/swr/swrhfdb1.KONF.22452269?stationid=28468
2025-06-13 07:12:45;228;31621059;Miley Cyrus;End of the world;https://hooks.swr.de/28468/2222663.mp3;https://onair.swr.de/covers/swr/swrhfdb1.KONF.53637602?stationid=28468
2025-06-13 07:16:27;182;31621080;Green Day;Wake me up when September ends;https://hooks.swr.de/28468/M0034353.001.mp3;https://onair.swr.de/covers/swr/swrhfdb1.KONF.6201920?stationid=28468
2025-06-13 07:20:10;177;31621109;Michael Patrick Kelly;The one;https://hooks.swr.de/28468/2231249.mp3;https://onair.swr.de/covers/swr/swrhfdb1.KONF.53646507?stationid=28468
2025-06-13 07:23:16;202;31621116;Prince and The Revolution;Raspberry beret;https://hooks.swr.de/28468/M0518122.004.mp3;https://onair.swr.de/covers/swr/swrhfdb1.KONF.46091363?stationid=28468
2025-06-13 07:26:34;166;31621141;Imagine Dragons x J.I.D;Enemy;https://hooks.swr.de/28468/M0678687.002.mp3;https://onair.swr.de/covers/swr/swrhfdb1.KONF.48457180?stationid=28468
2025-06-13 07:30:19;201;31621152;Purple Disco Machine x The Magician;All my life;https://hooksswr-a.akamaihd.net/28468/2124091.mp3;https://onair.swr.de/covers/swr/swrhfdb1.KONF.53093911?stationid=28468
2025-06-13 07:37:11;184;31621174;L.S.D. feat Labrinth, Sia and Diplo;Thunderclouds;https://hooks.swr.de/28468/M0517369.001.mp3;https://onair.swr.de/covers/swr/swrhfdb1.KONF.46083370?stationid=28468
2025-06-13 07:42:47;215;31621191;Coldplay feat. Little Simz, Burna Boy, Elyanna & Tini;We pray;https://hooks.swr.de/28468/2103344.mp3;https://onair.swr.de/covers/swr/swrhfdb1.KONF.53048106?stationid=28468
2025-06-13 07:46:06;207;31621211;U2;Beautiful day;https://hooks.swr.de/28468/M0060170.001.mp3;https://onair.swr.de/covers/swr/swrhfdb1.KONF.7543397?stationid=28468
2025-06-13 07:52:38;227;31621221;Londonbeat;I've been thinking about you;https://hooks.swr.de/28468/M0002244.001.mp3;https://onair.swr.de/covers/swr/swrhfdb1.KONF.6787263?stationid=28468
2025-06-13 07:49:17;206;31621224;Lil Nas X;Star walkin';https://hooks.swr.de/28468/1736411.mp3;https://onair.swr.de/covers/swr/swrhfdb1.KONF.49836724?stationid=28468
2025-06-13 07:56:09;130;31621257;Tate McRae;Greedy;https://hooks.swr.de/28468/1935640.mp3;https://onair.swr.de/covers/swr/swrhfdb1.KONF.51276203?stationid=28468
2025-06-13 08:04:15;159;31621277;Ed Sheeran;Azizam;https://hooks.swr.de/28468/2222580.mp3;https://onair.swr.de/covers/swr/swrhfdb1.KONF.53637599?stationid=28468
2025-06-13 08:06:53;205;31621289;Nickelback;Rockstar;https://hooks.swr.de/28468/M0071848.001.mp3;https://onair.swr.de/covers/swr/swrhfdb1.KONF.7878478?stationid=28468
2025-06-13 08:11:56;182;31621306;LEA;Zu dir;https://hooks.swr.de/28468/M0512732.001.mp3;https://onair.swr.de/covers/swr/swrhfdb1.KONF.46010359?stationid=28468
2025-06-13 08:14:57;168;31621326;Gypsy & The Cat;Jona Vark;https://hooks.swr.de/28468/M0278550.001.mp3;https://onair.swr.de/covers/swr/swrhfdb1.KONF.23233094?stationid=28468
2025-06-13 08:17:35;215;31621353;Eternal feat. BeBe Winans;I wanna be the only one;https://hooksswr-a.akamaihd.net/28468/M0514553.001.mp3;https://onair.swr.de/covers/swr/swrhfdb1.KONF.46032944?stationid=28468
2025-06-13 08:24:23;165;31621373;Thirty Seconds To Mars;Seasons;https://hooks.swr.de/28468/1906430.mp3;https://onair.swr.de/covers/swr/swrhfdb1.KONF.51246990?stationid=28468
2025-06-13 08:27:04;163;31621398;Shawn Mendes;Why why why;https://hooks.swr.de/28468/2094300.mp3;https://onair.swr.de/covers/swr/swrhfdb1.KONF.53007244?stationid=28468
2025-06-13 08:31:28;155;31621412;Benson Boone;Sorry I'm here for someone else;https://hooks.swr.de/28468/2205777.mp3;https://onair.swr.de/covers/swr/swrhfdb1.KONF.53611557?stationid=28468
2025-06-13 08:37:30;173;31621439;Sam Feldt feat. RANI;Post Malone;https://hooks.swr.de/28468/M0571440.001.mp3;https://onair.swr.de/covers/swr/swrhfdb1.KONF.46799930?stationid=28468
2025-06-13 08:42:15;189;31621451;Álvaro Soler;Magia;https://hooks.swr.de/28468/M0641200.001.mp3;https://onair.swr.de/covers/swr/swrhfdb1.KONF.47589894?stationid=28468
2025-06-13 08:45:23;244;31621468;New Order;Blue Monday '88;https://hooks.swr.de/28468/M0444840.001.mp3;https://onair.swr.de/covers/swr/swrhfdb1.KONF.45203196?stationid=28468
2025-06-13 08:49:25;170;31621477;Nico Santos;Home Pt. 2;https://hooks.swr.de/28468/2242803.mp3;https://onair.swr.de/covers/swr/swrhfdb1.KONF.53698686?stationid=28468
2025-06-13 08:50:47;217;31621504;Taylor Swift;Shake it off;https://hooks.swr.de/28468/1946407.mp3;https://onair.swr.de/covers/swr/swrhfdb1.KONF.51424423?stationid=28468
2025-06-13 08:54:14;184;31621507;Dua Lipa;Houdini;https://hooks.swr.de/28468/1952717.mp3;https://onair.swr.de/covers/swr/swrhfdb1.KONF.51563971?stationid=28468
2025-06-13 09:04:16;168;31621540;Dasha;Austin;https://hooks.swr.de/28468/2037722.mp3;https://onair.swr.de/covers/swr/swrhfdb1.KONF.52683087?stationid=28468
2025-06-13 09:06:50;228;31621551;Luis Fonsi feat. Daddy Yankee;Despacito;https://hooks.swr.de/28468/M0471163.001.mp3;https://onair.swr.de/covers/swr/swrhfdb1.KONF.45521672?stationid=28468
2025-06-13 09:10:29;214;31621568;FAST BOY & ClockClock;Born again;https://hooks.swr.de/28468/2219373.mp3;https://onair.swr.de/covers/swr/swrhfdb1.KONF.53629680?stationid=28468
2025-06-13 09:14:01;228;31621582;Bon Jovi;Bad medicine;https://hooksswr-a.akamaihd.net/28468/M0264626.006.mp3;https://onair.swr.de/covers/swr/swrhfdb1.KONF.19517034?stationid=28468
2025-06-13 09:19:50;126;31621604;Selena Gomez / benny blanco / Gracie Abrams;Call me when you break up;https://hooks.swr.de/28468/2200319.mp3;https://onair.swr.de/covers/swr/swrhfdb1.KONF.53606228?stationid=28468
2025-06-13 09:23:51;209;31621638;Christina Stürmer;Nie genug;https://hooks.swr.de/28468/M0055786.001.mp3;https://onair.swr.de/covers/swr/swrhfdb1.KONF.7790594?stationid=28468
2025-06-13 09:27:18;151;31621645;Alle Farben x Graham Candy x Lahos;Flowers;https://hooks.swr.de/28468/2203003.mp3;https://onair.swr.de/covers/swr/swrhfdb1.KONF.53602144?stationid=28468
2025-06-13 09:30:49;163;31621654;Topic x A7S;Out my head;https://hooks.swr.de/28468/2045141.mp3;https://onair.swr.de/covers/swr/swrhfdb1.KONF.52701197?stationid=28468
2025-06-13 09:33:28;220;31621659;Charles & Eddie;Would I lie to you?;https://hooks.swr.de/28468/M0032716.001.mp3;https://onair.swr.de/covers/swr/swrhfdb1.KONF.4883563?stationid=28468
2025-06-13 10:00:52;202;31621662;Céline Dion;Et s'il n'en restait qu'une (je serais celle-là);https://hooksswr-a.akamaihd.net/28468/M0069875.001.m.mp3;https://onair.swr.de/covers/swr/swrhfdb1.KONF.8048811?stationid=28468
2025-06-13 09:37:00;159;31621674;Michael Schulte;Afterlife;https://hooks.swr.de/28468/2223322.mp3;https://onair.swr.de/covers/swr/swrhfdb1.KONF.53637675?stationid=28468
2025-06-13 09:39:36;203;31621700;Sam Smith;I'm not the only one;https://hooks.swr.de/28468/M0374692.001.mp3;https://onair.swr.de/covers/swr/swrhfdb1.KONF.44074648?stationid=28468
2025-06-13 09:44:26;214;31621723;Chappell Roan;Good luck, babe!;https://hooks.swr.de/28468/2083407.mp3;https://onair.swr.de/covers/swr/swrhfdb1.KONF.52720065?stationid=28468
2025-06-13 09:47:57;275;31621730;Sugababes;Overload;https://hooks.swr.de/28468/M0514568.001.mp3;https://onair.swr.de/covers/swr/swrhfdb1.KONF.46033011?stationid=28468
2025-06-13 09:52:12;209;31621747;Damiano David;Born with a broken heart;https://hooks.swr.de/28468/2135426.mp3;https://onair.swr.de/covers/swr/swrhfdb1.KONF.53403603?stationid=28468
2025-06-13 09:55:51;175;31621765;Clean Bandit and Mabel feat. 24kGoldn;Tick tock;https://hooks.swr.de/28468/M0599677.001.mp3;https://onair.swr.de/covers/swr/swrhfdb1.KONF.47249004?stationid=28468
2025-06-13 10:04:15;247;31621793;Lady Gaga & Bruno Mars;Die with a smile;https://hooks.swr.de/28468/2098411.mp3;https://onair.swr.de/covers/swr/swrhfdb1.KONF.53043243?stationid=28468
2025-06-13 10:08:10;208;31621802;Sunrise Avenue;Hollywood hills;https://hooks.swr.de/28468/M0269108.001.mp3;https://onair.swr.de/covers/swr/swrhfdb1.KONF.21178725?stationid=28468
2025-06-13 10:11:32;184;31621822;Glockenbach feat. Norma Jean Martine;Anthem;https://hooksswr-a.akamaihd.net/28468/2211444.mp3;https://onair.swr.de/covers/swr/swrhfdb1.KONF.53611193?stationid=28468
2025-06-13 10:14:33;213;31621838;Max Giesinger;80 Millionen;https://hooksswr-a.akamaihd.net/28468/M0421758.001.mp3;https://onair.swr.de/covers/swr/swrhfdb1.KONF.44971989?stationid=28468
2025-06-13 10:20:00;212;31621854;Felix Jaehn x Whitney Houston;It's not right but it's okay;https://hooks.swr.de/28468/2215615.mp3;https://onair.swr.de/covers/swr/swrhfdb1.KONF.53620928?stationid=28468
2025-06-13 10:23:29;167;31621866;Mark Ambor;Who knows;https://hooks.swr.de/28468/2239135.mp3;https://onair.swr.de/covers/swr/swrhfdb1.KONF.53665408?stationid=28468
2025-06-13 10:28:18;196;31621880;Avicii;Levels;https://hooks.swr.de/28468/M0290074.001.mp3;https://onair.swr.de/covers/swr/swrhfdb1.KONF.26696552?stationid=28468
2025-06-13 10:32:30;177;31621895;Leony;By your side (In my mind);https://hooks.swr.de/28468/2174383.mp3;https://onair.swr.de/covers/swr/swrhfdb1.KONF.53578286?stationid=28468
2025-06-13 10:37:12;208;31621911;Madcon feat. Kelly Rowland;One life;https://hooks.swr.de/28468/M0329491.001.mp3;https://onair.swr.de/covers/swr/swrhfdb1.KONF.39669493?stationid=28468
2025-06-13 10:43:05;208;31621922;Metro Boomin & The Weeknd & 21 Savage;Creepin';https://hooks.swr.de/28468/1818015.mp3;https://onair.swr.de/covers/swr/swrhfdb1.KONF.50197820?stationid=28468
2025-06-13 10:46:32;240;31621942;Fury In The Slaughterhouse;Every generation got its own disease;https://hooks.swr.de/28468/M0108907.001.mp3;https://onair.swr.de/covers/swr/swrhfdb1.KONF.9392171?stationid=28468
2025-06-13 10:51:32;165;31621959;Udo Lindenberg & Apache 207;Komet;https://hooks.swr.de/28468/1794724.mp3;https://onair.swr.de/covers/swr/swrhfdb1.KONF.50263999?stationid=28468
2025-06-13 10:54:16;220;31621973;Pink;Family portrait;https://hooks.swr.de/28468/M0514565.001.mp3;https://onair.swr.de/covers/swr/swrhfdb1.KONF.46033002?stationid=28468
2025-06-13 11:05:22;182;31621995;Neiked x Portugal. The Man;Glide;https://hooks.swr.de/28468/2220726.mp3;https://onair.swr.de/covers/swr/swrhfdb1.KONF.53630548?stationid=28468
2025-06-13 11:08:17;135;31622009;Toby Romeo x Younotus;What it feels like;https://hooks.swr.de/28468/1844147.mp3;https://onair.swr.de/covers/swr/swrhfdb1.KONF.50668668?stationid=28468
2025-06-13 11:10:30;219;31622022;The Rolling Stones;Love is strong;https://hooks.swr.de/28468/M0565948.001.mp3;https://onair.swr.de/covers/swr/swrhfdb1.KONF.46704102?stationid=28468
2025-06-13 11:14:08;172;31622026;Tones And I;Ur so f**king cool;https://hooks.swr.de/28468/M0594099.001.mp3;https://onair.swr.de/covers/swr/swrhfdb1.KONF.47144489?stationid=28468
2025-06-13 11:19:08;198;31622046;Taio Cruz;World in our hands;https://hooks.swr.de/28468/M0306884.001.mp3;https://onair.swr.de/covers/swr/swrhfdb1.KONF.31701226?stationid=28468
2025-06-13 11:24:11;215;31622061;James Morrison;Fight another day;https://hooks.swr.de/28468/2246046.mp3;https://onair.swr.de/covers/swr/swrhfdb1.KONF.53731534?stationid=28468
2025-06-13 11:27:44;175;31622079;Sophie And The Giants;Shut up and dance;https://hooks.swr.de/28468/2051673.mp3;https://onair.swr.de/covers/swr/swrhfdb1.KONF.52711081?stationid=28468
2025-06-13 11:31:38;196;31622089;Maroon 5;Beautiful mistakes;https://hooks.swr.de/28468/M0641467.002.mp3;https://onair.swr.de/covers/swr/swrhfdb1.KONF.47595331?stationid=28468
2025-06-13 11:37:23;165;31622109;Amy Winehouse;Back to black;https://hooks.swr.de/28468/M0083010.001.mp3;https://onair.swr.de/covers/swr/swrhfdb1.KONF.8768010?stationid=28468
2025-06-13 11:40:06;154;31622122;Shaboozey feat. Myles Smith;Blink twice;https://hooks.swr.de/28468/2229740.mp3;https://onair.swr.de/covers/swr/swrhfdb1.KONF.53642646?stationid=28468
2025-06-13 11:44:56;202;31622130;Joris;Herz über Kopf;https://hooks.swr.de/28468/M0383908.001.mp3;https://onair.swr.de/covers/swr/swrhfdb1.KONF.44279855?stationid=28468
2025-06-13 11:48:13;232;31622147;Neneh Cherry;Manchild;https://hooksswr-a.akamaihd.net/28468/M0523856.001.mp3;https://onair.swr.de/covers/swr/swrhfdb1.KONF.46131925?stationid=28468
2025-06-13 11:53:10;164;31622176;Cyril x James Blunt;Tears dry tonight;https://hooks.swr.de/28468/2232418.mp3;https://onair.swr.de/covers/swr/swrhfdb1.KONF.53653437?stationid=28468
2025-06-13 11:55:53;192;31622182;Robbie Williams;Forbidden road;https://hooks.swr.de/28468/2149354.mp3;https://onair.swr.de/covers/swr/swrhfdb1.KONF.53549498?stationid=28468
2025-06-13 12:05:39;152;31622200;Tiësto;Lay low;https://hooks.swr.de/28468/1803111.mp3;https://onair.swr.de/covers/swr/swrhfdb1.KONF.50211187?stationid=28468
2025-06-13 12:08:10;205;31622207;LEA;Leiser;https://hooks.swr.de/28468/M0493720.001.mp3;https://onair.swr.de/covers/swr/swrhfdb1.KONF.45763991?stationid=28468
2025-06-13 12:11:36;156;31622221;Kamrad;Be mine;https://hooks.swr.de/28468/2241318.mp3;https://onair.swr.de/covers/swr/swrhfdb1.KONF.53686685?stationid=28468
2025-06-13 12:14:34;222;31622235;Blink 182;I miss you;https://hooks.swr.de/28468/M0006732.003.mp3;https://onair.swr.de/covers/swr/swrhfdb1.KONF.4510856?stationid=28468
2025-06-13 12:18:14;158;31622252;Alle Farben x Lewis Thompson feat. Mae Muller;Love hurt repeat;https://hooks.swr.de/28468/2015947.mp3;https://onair.swr.de/covers/swr/swrhfdb1.KONF.51986718?stationid=28468
2025-06-13 12:24:06;185;31622261;Sabrina Carpenter;Busy woman;https://hooks.swr.de/28468/2199335.mp3;https://onair.swr.de/covers/swr/swrhfdb1.KONF.53601958?stationid=28468
2025-06-13 12:27:08;204;31622286;Sigala feat. John Newman & Nile Rodgers;Give me your love;https://hooks.swr.de/28468/M0431325.001.mp3;https://onair.swr.de/covers/swr/swrhfdb1.KONF.45067004?stationid=28468
2025-06-13 12:31:29;178;31622294;Kygo X OneRepublic;Chasing paradise;https://hooks.swr.de/28468/2200451.mp3;https://onair.swr.de/covers/swr/swrhfdb1.KONF.53586175?stationid=28468
2025-06-13 12:35:10;185;31622305;Drake;Hold on, we’re going home;https://hooks.swr.de/28468/M0340132.001.mp3;https://onair.swr.de/covers/swr/swrhfdb1.KONF.41330854?stationid=28468
2025-06-13 12:38:05;176;31622312;Rosa Linn;Snap;https://hooks.swr.de/28468/M0685459.001.mp3;https://onair.swr.de/covers/swr/swrhfdb1.KONF.49276252?stationid=28468
2025-06-13 12:43:04;171;31622323;Bomfunk MC's;Freestyler;https://hooks.swr.de/28468/M0556183.001.mp3;https://onair.swr.de/covers/swr/swrhfdb1.KONF.46538372?stationid=28468
2025-06-13 12:45:55;161;31622342;BTS;Butter;https://hooks.swr.de/28468/M0673097.001.mp3;https://onair.swr.de/covers/swr/swrhfdb1.KONF.47887648?stationid=28468
2025-06-13 12:50:31;194;31622353;Ich + Ich;Stark;https://hooks.swr.de/28468/M0073764.003.mp3;https://onair.swr.de/covers/swr/swrhfdb1.KONF.8396235?stationid=28468
2025-06-13 12:53:38;163;31622369;Gracie Abrams;That's so true;https://hooks.swr.de/28468/2139217.mp3;https://onair.swr.de/covers/swr/swrhfdb1.KONF.53321214?stationid=28468
2025-06-13 12:55:41;139;31622380;Lil Nas X;Thats what I want;https://hooks.swr.de/28468/M0677251.001.mp3;https://onair.swr.de/covers/swr/swrhfdb1.KONF.48247477?stationid=28468
2025-06-13 13:05:34;184;31622402;Alex Warren;Ordinary;https://hooks.swr.de/28468/2200476.mp3;https://onair.swr.de/covers/swr/swrhfdb1.KONF.53598319?stationid=28468
2025-06-13 13:08:27;235;31622411;Daughtry;Feels like tonight;https://hooks.swr.de/28468/M0092612.001.mp3;https://onair.swr.de/covers/swr/swrhfdb1.KONF.9233212?stationid=28468
2025-06-13 13:12:17;180;31622429;Jax Jones & Calum Scott;Whistle;https://hooks.swr.de/28468/1808549.mp3;https://onair.swr.de/covers/swr/swrhfdb1.KONF.50357769?stationid=28468
2025-06-13 13:15:10;166;31622440;Gayle;Abcdefu;https://hooksswr-a.akamaihd.net/28468/M0676029.002.mp3;https://onair.swr.de/covers/swr/swrhfdb1.KONF.48560536?stationid=28468
2025-06-13 13:19:18;211;31622453;Freddie Mercury;Living on my own;https://hooks.swr.de/28468/M0040017.009.mp3;https://onair.swr.de/covers/swr/swrhfdb1.KONF.6537789?stationid=28468
2025-06-13 13:22:46;157;31622466;Felix Jaehn x JHart;Pride;https://hooks.swr.de/28468/2245890.mp3;https://onair.swr.de/covers/swr/swrhfdb1.KONF.53720774?stationid=28468
2025-06-13 13:26:58;147;31622483;Mark Ambor;Belong together;https://hooks.swr.de/28468/2026939.mp3;https://onair.swr.de/covers/swr/swrhfdb1.KONF.52629709?stationid=28468
2025-06-13 13:29:16;185;31622504;Lena;Wild and free;https://hooks.swr.de/28468/M0406227.001.mp3;https://onair.swr.de/covers/swr/swrhfdb1.KONF.44801140?stationid=28468
2025-06-13 13:30:17;228;31622505;Miley Cyrus;End of the world;https://hooks.swr.de/28468/2222663.mp3;https://onair.swr.de/covers/swr/swrhfdb1.KONF.53637602?stationid=28468
2025-06-13 13:34:56;174;31622507;Harry Styles;Watermelon sugar;https://hooks.swr.de/28468/M0584620.001.mp3;https://onair.swr.de/covers/swr/swrhfdb1.KONF.46977516?stationid=28468
2025-06-13 13:38:08;427;31622520;Robin Beck;First time;https://hooks.swr.de/28468/M0024466.023.mp3;https://onair.swr.de/covers/swr/swrhfdb1.KONF.5370709?stationid=28468
2025-06-13 13:45:15;212;31622530;Ravyn Lenae;Love me not;https://hooks.swr.de/28468/2240556.mp3;https://onair.swr.de/covers/swr/swrhfdb1.KONF.53668810?stationid=28468
2025-06-13 13:48:52;160;31622557;Ofenbach;Be mine;https://hooks.swr.de/28468/M0455620.001.mp3;https://onair.swr.de/covers/swr/swrhfdb1.KONF.45309770?stationid=28468
2025-06-13 13:52:50;182;31622571;Kraftklub;Schief in jedem Chor;https://hooks.swr.de/28468/2246043.mp3;https://onair.swr.de/covers/swr/swrhfdb1.KONF.53796788?stationid=28468
2025-06-13 13:55:42;173;31622584;Ne-Yo;Closer;https://hooks.swr.de/28468/M0089119.001.mp3;https://onair.swr.de/covers/swr/swrhfdb1.KONF.9046710?stationid=28468
2025-06-13 14:06:22;193;31622599;Linkin Park;Lost;https://hooks.swr.de/28468/1806062.mp3;https://onair.swr.de/covers/swr/swrhfdb1.KONF.50357271?stationid=28468
2025-06-13 14:09:21;152;31622612;Rihanna;S&M - Album Version;https://hooks.swr.de/28468/M0264296.001.mp3;https://onair.swr.de/covers/swr/swrhfdb1.KONF.19396782?stationid=28468
2025-06-13 14:11:52;147;31622625;Marc Atlas;Fool;https://hooks.swr.de/28468/2215629.mp3;https://onair.swr.de/covers/swr/swrhfdb1.KONF.53596995?stationid=28468
2025-06-13 14:14:20;186;31622639;Gwen Stefani feat. Akon;The sweet escape;https://hooks.swr.de/28468/M0081784.001.mp3;https://onair.swr.de/covers/swr/swrhfdb1.KONF.8673044?stationid=28468
2025-06-13 14:19:28;215;31622655;Coldplay feat. Little Simz, Burna Boy, Elyanna & Tini;We pray;https://hooks.swr.de/28468/2103344.mp3;https://onair.swr.de/covers/swr/swrhfdb1.KONF.53048106?stationid=28468
2025-06-13 14:24:14;209;31622665;Mark Ronson X Raye;Suzanne (radio edit);https://hooks.swr.de/28468/2247289.mp3;https://onair.swr.de/covers/swr/swrhfdb1.KONF.53852397?stationid=28468
2025-06-13 14:27:42;202;31622684;David Guetta feat. Sam Martin;Dangerous;https://hooks.swr.de/28468/M0374563.001.mp3;https://onair.swr.de/covers/swr/swrhfdb1.KONF.44073414?stationid=28468
2025-06-13 14:31:43;196;31622693;Sophie And The Giants & Purple Disco Machine;Paradise;https://hooks.swr.de/28468/1874298.mp3;https://onair.swr.de/covers/swr/swrhfdb1.KONF.50817021?stationid=28468
2025-06-13 14:38:11;159;31622712;Welshly Arms;Legendary;https://hooks.swr.de/28468/M0470403.001.mp3;https://onair.swr.de/covers/swr/swrhfdb1.KONF.45513325?stationid=28468
2025-06-13 14:40:48;248;31622718;Ini Kamoze;Here comes the hotstepper;https://hooks.swr.de/28468/M0360246.001.mp3;https://onair.swr.de/covers/swr/swrhfdb1.KONF.43453348?stationid=28468
2025-06-13 14:44:50;193;31622725;Lady Gaga;Stupid love;https://hooks.swr.de/28468/M0588637.001.mp3;https://onair.swr.de/covers/swr/swrhfdb1.KONF.47058875?stationid=28468
2025-06-13 14:49:27;177;31622751;Ed Sheeran;Sapphire;https://hooks.swr.de/28468/2245779.mp3;https://onair.swr.de/covers/swr/swrhfdb1.KONF.53796714?stationid=28468
2025-06-13 14:53:04;109;31622760;Zartmann;Tau mich auf;https://hooks.swr.de/28468/2195846.mp3;https://onair.swr.de/covers/swr/swrhfdb1.KONF.53591509?stationid=28468
2025-06-13 14:54:55;219;31622776;Anastacia;I'm outta love;https://hooks.swr.de/28468/M0556182.001.mp3;https://onair.swr.de/covers/swr/swrhfdb1.KONF.46538370?stationid=28468
2025-06-13 15:06:06;155;31622795;Benson Boone;Sorry I'm here for someone else;https://hooks.swr.de/28468/2205777.mp3;https://onair.swr.de/covers/swr/swrhfdb1.KONF.53611557?stationid=28468
2025-06-13 15:08:38;179;31622806;Katy Perry;I kissed a girl;https://hooks.swr.de/28468/M0093672.001.mp3;https://onair.swr.de/covers/swr/swrhfdb1.KONF.9112389?stationid=28468
2025-06-13 15:11:34;180;31622819;JORIS;Das Leben ist...;https://hooks.swr.de/28468/2174365.mp3;https://onair.swr.de/covers/swr/swrhfdb1.KONF.53577793?stationid=28468
2025-06-13 15:14:34;149;31622830;Alle Farben feat. Moss Kena;Forgot how to love;https://hooks.swr.de/28468/1762855.mp3;https://onair.swr.de/covers/swr/swrhfdb1.KONF.49616447?stationid=28468
2025-06-13 15:19:22;239;31622846;Brandy & Monica;The boy is mine;https://hooks.swr.de/28468/M0028865.001.mp3;https://onair.swr.de/covers/swr/swrhfdb1.KONF.5807822?stationid=28468
2025-06-13 15:23:40;145;31622853;R3hab x Michael Patrick Kelly x Shaggy;Rebellion;https://hooks.swr.de/28468/2200359.mp3;https://onair.swr.de/covers/swr/swrhfdb1.KONF.53602142?stationid=28468
2025-06-13 15:26:03;168;31622867;Ásdís;Flashback;https://hooks.swr.de/28468/2048333.mp3;https://onair.swr.de/covers/swr/swrhfdb1.KONF.52704498?stationid=28468
2025-06-13 15:28:40;186;31622877;Rea Garvey;Can't stand the silence;https://hooksswr-a.akamaihd.net/28468/M0283970.001.mp3;https://onair.swr.de/covers/swr/swrhfdb1.KONF.24773937?stationid=28468
2025-06-13 15:29:41;155;31622881;JC Stewart;I need you to hate me;https://hooks.swr.de/28468/M0600745.001.mp3;https://onair.swr.de/covers/swr/swrhfdb1.KONF.47279389?stationid=28468
2025-06-13 15:36:59;214;31622903;FAST BOY & ClockClock;Born again;https://hooks.swr.de/28468/2219373.mp3;https://onair.swr.de/covers/swr/swrhfdb1.KONF.53629680?stationid=28468
2025-06-13 15:40:30;286;31622906;Phil Collins;Don't lose my number;https://hooks.swr.de/28468/M0042192.006.mp3;https://onair.swr.de/covers/swr/swrhfdb1.KONF.7040637?stationid=28468
2025-06-13 15:45:58;192;31622934;Doechii;Anxiety;https://hooks.swr.de/28468/2224082.mp3;https://onair.swr.de/covers/swr/swrhfdb1.KONF.53634816?stationid=28468
2025-06-13 15:47:47;206;31622936;Mark Forster;Chöre;https://hooks.swr.de/28468/M0446763.001.mp3;https://onair.swr.de/covers/swr/swrhfdb1.KONF.45222700?stationid=28468
2025-06-13 15:51:08;194;31622950;Vella;Freedom;https://hooks.swr.de/28468/2246269.mp3;https://onair.swr.de/covers/swr/swrhfdb1.KONF.53796878?stationid=28468
2025-06-13 15:54:19;203;31622953;Britney Spears;Oops!... I did it again;https://hooks.swr.de/28468/M0004814.001.mp3;https://onair.swr.de/covers/swr/swrhfdb1.KONF.4537052?stationid=28468
2025-06-13 16:05:46;177;31623013;Leony;By your side (In my mind);https://hooks.swr.de/28468/2174383.mp3;https://onair.swr.de/covers/swr/swrhfdb1.KONF.53578286?stationid=28468
2025-06-13 16:08:42;208;31623025;Dido;Thank you;https://hooks.swr.de/28468/M0036125.001.mp3;https://onair.swr.de/covers/swr/swrhfdb1.KONF.5146372?stationid=28468
2025-06-13 16:13:55;154;31623041;Felix Jaehn, Ray Dalton;Call it love;https://hooks.swr.de/28468/1727277.mp3;https://onair.swr.de/covers/swr/swrhfdb1.KONF.49751493?stationid=28468
2025-06-13 16:16:30;229;31623063;Semisonic;Closing time;https://hooksswr-a.akamaihd.net/28468/M0518822.001.mp3;https://onair.swr.de/covers/swr/swrhfdb1.KONF.46100115?stationid=28468
2025-06-13 16:20:13;236;31623073;Burak Yeter feat. Danelle Sandoval;Tuesday;https://hooks.swr.de/28468/M0470756.001.mp3;https://onair.swr.de/covers/swr/swrhfdb1.KONF.45518305?stationid=28468
2025-06-13 16:25:06;143;31623086;Sarah Connor;SPINNA;https://hooks.swr.de/28468/2234238.mp3;https://onair.swr.de/covers/swr/swrhfdb1.KONF.53653607?stationid=28468
2025-06-13 16:27:26;153;31623110;Lost Frequencies;The Feeling;https://hooks.swr.de/28468/1870593.mp3;https://onair.swr.de/covers/swr/swrhfdb1.KONF.50812259?stationid=28468
2025-06-13 16:27:26;171;31623111;Shawn Mendes;When you're gone;https://hooks.swr.de/28468/M0683689.001.mp3;https://onair.swr.de/covers/swr/swrhfdb1.KONF.49229505?stationid=28468
2025-06-13 16:31:17;185;31623122;SZA & Justin Timberlake;The other side;https://hooks.swr.de/28468/M0588550.001.mp3;https://onair.swr.de/covers/swr/swrhfdb1.KONF.47056902?stationid=28468
2025-06-13 16:38:07;271;31623143;FUN.;Some nights;https://hooks.swr.de/28468/M0311060.001.mp3;https://onair.swr.de/covers/swr/swrhfdb1.KONF.32941919?stationid=28468
2025-06-13 16:43:55;159;31623156;Michael Schulte;Afterlife;https://hooks.swr.de/28468/2223322.mp3;https://onair.swr.de/covers/swr/swrhfdb1.KONF.53637675?stationid=28468
2025-06-13 16:46:32;208;31623191;Kate Nash;Foundations;https://hooks.swr.de/28468/1867401.mp3;https://onair.swr.de/covers/swr/swrhfdb1.KONF.8271781?stationid=28468
2025-06-13 16:51:06;217;31623194;The Weeknd;Dancing in the flames;https://hooks.swr.de/28468/2117968.mp3;https://onair.swr.de/covers/swr/swrhfdb1.KONF.53089104?stationid=28468
2025-06-13 16:54:12;181;31623219;ADMT;Come along;https://hooks.swr.de/28468/2244902.mp3;https://onair.swr.de/covers/swr/swrhfdb1.KONF.53707781?stationid=28468
2025-06-13 17:00:52;207;31623230;Jax Jones feat. Ina Wroldsen;Breathe;https://hooks.swr.de/28468/M0500739.001.mp3;https://onair.swr.de/covers/swr/swrhfdb1.KONF.45838421?stationid=28468
2025-06-13 17:05:35;166;31623254;Marshmello x P!nk x Sting;Dreaming;https://hooksswr-a.akamaihd.net/28468/1942561.mp3;https://onair.swr.de/covers/swr/swrhfdb1.KONF.51380407?stationid=28468
2025-06-13 17:08:09;187;31623260;Nickelback;When we stand together;https://hooks.swr.de/28468/M0287239.001.mp3;https://onair.swr.de/covers/swr/swrhfdb1.KONF.25855567?stationid=28468
2025-06-13 17:13:47;154;31623276;Shaboozey feat. Myles Smith;Blink twice;https://hooks.swr.de/28468/2229740.mp3;https://onair.swr.de/covers/swr/swrhfdb1.KONF.53642646?stationid=28468
2025-06-13 17:16:21;130;31623293;Twocolors;Heavy Metal love;https://hooks.swr.de/28468/1738369.mp3;https://onair.swr.de/covers/swr/swrhfdb1.KONF.49519132?stationid=28468
2025-06-13 17:20:06;223;31623298;Tina Turner;What's love got to do with it;https://hooks.swr.de/28468/M0025903.002.mp3;https://onair.swr.de/covers/swr/swrhfdb1.KONF.6403468?stationid=28468
2025-06-13 17:23:39;165;31623312;Ella Henderson;Me & you;https://hooks.swr.de/28468/2243073.mp3;https://onair.swr.de/covers/swr/swrhfdb1.KONF.53687608?stationid=28468
2025-06-13 17:26:23;219;31623330;Stanfour;Wishing you well;https://hooks.swr.de/28468/M0235396.001.mp3;https://onair.swr.de/covers/swr/swrhfdb1.KONF.14370788?stationid=28468
2025-06-13 17:30:52;158;31623342;Alvaro Soler;Te imaginaba;https://hooks.swr.de/28468/2073297.mp3;https://onair.swr.de/covers/swr/swrhfdb1.KONF.52740111?stationid=28468
2025-06-13 17:34:33;231;31623347;Echt;Weinst du;https://hooks.swr.de/28468/2012305.mp3;https://onair.swr.de/covers/swr/swrhfdb1.KONF.16414021?stationid=28468
2025-06-13 17:41:56;184;31623358;Glockenbach feat. Norma Jean Martine;Anthem;https://hooks.swr.de/28468/2211444.mp3;https://onair.swr.de/covers/swr/swrhfdb1.KONF.53611193?stationid=28468
2025-06-13 17:44:57;196;31623382;Tove Lo;Cool girl;https://hooks.swr.de/28468/M0441461.001.mp3;https://onair.swr.de/covers/swr/swrhfdb1.KONF.45172449?stationid=28468
2025-06-13 17:48:08;183;31623394;Teddy Swims;Bad dreams;https://hooks.swr.de/28468/2119229.mp3;https://onair.swr.de/covers/swr/swrhfdb1.KONF.53089180?stationid=28468
2025-06-13 17:53:04;177;31623417;Hurts X Purple Disco Machine;Wonderful life '25;https://hooks.swr.de/28468/2243126.mp3;https://onair.swr.de/covers/swr/swrhfdb1.KONF.53700243?stationid=28468
2025-06-13 17:55:22;221;31623445;Gorillaz;Feel Good Inc.;https://hooks.swr.de/28468/M0027909.001.mp3;https://onair.swr.de/covers/swr/swrhfdb1.KONF.6494549?stationid=28468
2025-06-13 18:00:52;180;31623452;Laurell;Habit;https://hooks.swr.de/28468/M0662772.001.mp3;https://onair.swr.de/covers/swr/swrhfdb1.KONF.47756278?stationid=28468
2025-06-13 18:05:49;174;31623464;Dua Lipa;Dance the night;https://hooks.swr.de/28468/1863759.mp3;https://onair.swr.de/covers/swr/swrhfdb1.KONF.50802142?stationid=28468
2025-06-13 18:08:35;206;31623477;Lil Nas X;Star walkin';https://hooks.swr.de/28468/1736411.mp3;https://onair.swr.de/covers/swr/swrhfdb1.KONF.49836724?stationid=28468
2025-06-13 18:14:16;304;31623486;Madonna;Like a prayer;https://hooks.swr.de/28468/M0029557.001.mp3;https://onair.swr.de/covers/swr/swrhfdb1.KONF.4775011?stationid=28468
2025-06-13 18:19:19;178;31623507;Kygo X OneRepublic;Chasing paradise;https://hooks.swr.de/28468/2200451.mp3;https://onair.swr.de/covers/swr/swrhfdb1.KONF.53586175?stationid=28468
2025-06-13 18:24:01;192;31623521;Jonas Blue feat. JP Cooper;Perfect strangers;https://hooks.swr.de/28468/M0436023.001.mp3;https://onair.swr.de/covers/swr/swrhfdb1.KONF.45112872?stationid=28468
2025-06-13 18:27:02;161;31623537;Stefanie Heinzmann;Power;https://hooks.swr.de/28468/2222891.mp3;https://onair.swr.de/covers/swr/swrhfdb1.KONF.53637679?stationid=28468
2025-06-13 18:27:02;207;31623540;Enrique Iglesias;Escape;https://hooks.swr.de/28468/M0386200.001.mp3;https://onair.swr.de/covers/swr/swrhfdb1.KONF.44381628?stationid=28468
2025-06-13 18:27:01;209;31623541;Damiano David;Born with a broken heart;https://hooks.swr.de/28468/2135426.mp3;https://onair.swr.de/covers/swr/swrhfdb1.KONF.53403603?stationid=28468
2025-06-13 18:31:26;216;31623549;Martin Garrix feat. Bono & The Edge;We are the people;https://hooks.swr.de/28468/M0672900.001.mp3;https://onair.swr.de/covers/swr/swrhfdb1.KONF.47859496?stationid=28468
2025-06-13 18:34:23;206;31623558;Camila Cabello;Liar;https://hooks.swr.de/28468/M0575538.001.mp3;https://onair.swr.de/covers/swr/swrhfdb1.KONF.46858754?stationid=28468
2025-06-13 18:39:39;182;31623575;Neiked x Portugal. The Man;Glide;https://hooks.swr.de/28468/2220726.mp3;https://onair.swr.de/covers/swr/swrhfdb1.KONF.53630548?stationid=28468
2025-06-13 18:42:35;231;31623597;Michael Bublé;Feeling good;https://hooks.swr.de/28468/M0024713.001.mp3;https://onair.swr.de/covers/swr/swrhfdb1.KONF.5426596?stationid=28468
2025-06-13 18:46:26;201;31623609;Lola Young;Messy;https://hooks.swr.de/28468/2173105.mp3;https://onair.swr.de/covers/swr/swrhfdb1.KONF.53576832?stationid=28468
2025-06-13 18:50:38;139;31623622;Skuth & bac;Zu den anderen;https://hooks.swr.de/28468/2243509.mp3;https://onair.swr.de/covers/swr/swrhfdb1.KONF.53698682?stationid=28468
2025-06-13 18:52:54;178;31623636;Brooke Fraser;Something in the water;https://hooksswr-a.akamaihd.net/28468/M0272930.001.mp3;https://onair.swr.de/covers/swr/swrhfdb1.KONF.22031230?stationid=28468
2025-06-13 19:00:52;236;31623647;Jaymes Young;Infinity;https://hooks.swr.de/28468/M0680754.001.mp3;https://onair.swr.de/covers/swr/swrhfdb1.KONF.48775649?stationid=28468
2025-06-13 18:55:46;174;31623650;David Guetta & Bebe Rexha;I'm good (blue);https://hooks.swr.de/28468/1732214.mp3;https://onair.swr.de/covers/swr/swrhfdb1.KONF.49556377?stationid=28468
2025-06-13 19:04:24;202;31623675;Ásdís;Touch me;https://hooks.swr.de/28468/2153577.mp3;https://onair.swr.de/covers/swr/swrhfdb1.KONF.53553775?stationid=28468
2025-06-13 19:07:42;193;31623684;Matt Simons;Catch & release;https://hooks.swr.de/28468/M0399551.001.mp3;https://onair.swr.de/covers/swr/swrhfdb1.KONF.44704476?stationid=28468
2025-06-13 19:12:09;228;31623706;Miley Cyrus;End of the world;https://hooks.swr.de/28468/2222663.mp3;https://onair.swr.de/covers/swr/swrhfdb1.KONF.53637602?stationid=28468
2025-06-13 19:15:56;145;31623723;Tom Odell x Lost Frequencies;Black friday (pretty like the sun);https://hooks.swr.de/28468/2089419.mp3;https://onair.swr.de/covers/swr/swrhfdb1.KONF.52772422?stationid=28468
2025-06-13 19:20:40;248;31623736;David Bowie;Let's dance;https://hooks.swr.de/28468/M0018366.002.mp3;https://onair.swr.de/covers/swr/swrhfdb1.KONF.4861463?stationid=28468
2025-06-13 19:24:32;154;31623768;Alessi Rose;Same mouth;https://hooks.swr.de/28468/2242185.mp3;https://onair.swr.de/covers/swr/swrhfdb1.KONF.53692189?stationid=28468
2025-06-13 19:27:24;195;31623782;Sasha;Lucky day;https://hooks.swr.de/28468/M0062318.001.mp3;https://onair.swr.de/covers/swr/swrhfdb1.KONF.7958475?stationid=28468
2025-06-13 19:31:32;174;31623797;Nico Santos;Human being;https://hooks.swr.de/28468/2080149.mp3;https://onair.swr.de/covers/swr/swrhfdb1.KONF.52748169?stationid=28468
2025-06-13 19:34:07;208;31623807;TLC;Waterfalls;https://hooks.swr.de/28468/M0515328.001.mp3;https://onair.swr.de/covers/swr/swrhfdb1.KONF.46048810?stationid=28468
2025-06-13 19:37:26;156;31623817;Kamrad;Be mine;https://hooks.swr.de/28468/2241318.mp3;https://onair.swr.de/covers/swr/swrhfdb1.KONF.53686685?stationid=28468
2025-06-13 19:41:35;206;31623831;Riton X Oliver Heldens feat. Vula;Turn me on;https://hooks.swr.de/28468/M0577107.001.mp3;https://onair.swr.de/covers/swr/swrhfdb1.KONF.46883126?stationid=28468
2025-06-13 19:45:03;151;31623844;Marshmello & Jonas Brothers;Slow Motion;https://hooks.swr.de/28468/2177449.mp3;https://onair.swr.de/covers/swr/swrhfdb1.KONF.53582275?stationid=28468
2025-06-13 19:48:26;193;31623871;Ava Max;Lost your faith;https://hooks.swr.de/28468/2187921.mp3;https://onair.swr.de/covers/swr/swrhfdb1.KONF.53596861?stationid=28468
2025-06-13 19:55:02;283;31623892;Ozzy Osbourne;Dreamer;https://hooks.swr.de/28468/M0001123.001.mp3;https://onair.swr.de/covers/swr/swrhfdb1.KONF.3782116?stationid=28468
2025-06-13 20:00:06;217;31623896;Sia feat. Sean Paul;Cheap thrills;https://hooksswr-a.akamaihd.net/28468/M0424230.001.mp3;https://onair.swr.de/covers/swr/swrhfdb1.KONF.44999668?stationid=28468
2025-06-13 19:51:36;160;31623899;Milky Chance;Synchronize;https://hooks.swr.de/28468/M0682959.001.mp3;https://onair.swr.de/covers/swr/swrhfdb1.KONF.49209707?stationid=28468
2025-06-13 20:06:09;204;31623951;Rihanna;Love on the brain;https://hooks.swr.de/28468/M0450454.001.mp3;https://onair.swr.de/covers/swr/swrhfdb1.KONF.45247291?stationid=28468
2025-06-13 20:09:31;195;31623961;Alvaro Soler x Topic;Solo para ti;https://hooks.swr.de/28468/M0684240.001.mp3;https://onair.swr.de/covers/swr/swrhfdb1.KONF.49245306?stationid=28468
2025-06-13 20:15:01;177;31623971;Michael Patrick Kelly;The one;https://hooks.swr.de/28468/2231249.mp3;https://onair.swr.de/covers/swr/swrhfdb1.KONF.53646507?stationid=28468
2025-06-13 20:17:55;277;31623982;Coolio;C U when U get there;https://hooksswr-a.akamaihd.net/28468/M0519728.003.mp3;https://onair.swr.de/covers/swr/swrhfdb1.KONF.46117080?stationid=28468
2025-06-13 20:24:10;169;31623989;Lena;What I want;https://hooks.swr.de/28468/1874026.mp3;https://onair.swr.de/covers/swr/swrhfdb1.KONF.50817803?stationid=28468
2025-06-13 20:26:54;215;31624005;Modjo;Lady (hear me tonight);https://hooks.swr.de/28468/M0515294.001.mp3;https://onair.swr.de/covers/swr/swrhfdb1.KONF.46048262?stationid=28468
2025-06-13 20:30:18;175;31624014;Cat Burns;Know that you're not alone;https://hooks.swr.de/28468/1950779.mp3;https://onair.swr.de/covers/swr/swrhfdb1.KONF.51498580?stationid=28468
2025-06-13 20:31:19;151;31624015;Alle Farben x Graham Candy x Lahos;Flowers;https://hooks.swr.de/28468/2203003.mp3;https://onair.swr.de/covers/swr/swrhfdb1.KONF.53602144?stationid=28468
2025-06-13 20:34:19;229;31624026;London Grammar;Strong;https://hooks.swr.de/28468/M0343574.001.mp3;https://onair.swr.de/covers/swr/swrhfdb1.KONF.41753953?stationid=28468
2025-06-13 20:38:06;205;31624046;Tate McRae;She's all I wanna be;https://hooks.swr.de/28468/M0681941.001.mp3;https://onair.swr.de/covers/swr/swrhfdb1.KONF.49054629?stationid=28468
2025-06-13 20:43:59;184;31624056;Alex Warren;Ordinary;https://hooks.swr.de/28468/2200476.mp3;https://onair.swr.de/covers/swr/swrhfdb1.KONF.53598319?stationid=28468
2025-06-13 20:42:48;184;31624072;Alex Warren;Ordinary;https://hooks.swr.de/28468/2200476.mp3;https://onair.swr.de/covers/swr/swrhfdb1.KONF.53598319?stationid=28468
2025-06-13 20:47:00;219;31624075;Namika;Je ne parle pas français;https://hooks.swr.de/28468/M0509426.001.mp3;https://onair.swr.de/covers/swr/swrhfdb1.KONF.45968769?stationid=28468
2025-06-13 20:51:01;161;31624084;Maroon 5 x Lisa;Priceless;https://hooks.swr.de/28468/2235694.mp3;https://onair.swr.de/covers/swr/swrhfdb1.KONF.53660558?stationid=28468
2025-06-13 20:53:41;201;31624095;Aura Dione;I will love you Monday (365);https://hooks.swr.de/28468/M0234862.001.mp3;https://onair.swr.de/covers/swr/swrhfdb1.KONF.14362839?stationid=28468
2025-06-13 20:56:32;227;31624101;Justin Timberlake;Selfish;https://hooksswr-a.akamaihd.net/28468/1989858.mp3;https://onair.swr.de/covers/swr/swrhfdb1.KONF.52197921?stationid=28468
2025-06-13 21:04:41;150;31624116;Felix Jaehn & Shouse;Walk with me;https://hooks.swr.de/28468/2160608.mp3;https://onair.swr.de/covers/swr/swrhfdb1.KONF.53553773?stationid=28468
2025-06-13 21:07:08;194;31624123;Jesse McCartney;Beautiful soul;https://hooks.swr.de/28468/M0031790.001.mp3;https://onair.swr.de/covers/swr/swrhfdb1.KONF.6026809?stationid=28468
2025-06-13 21:11:33;234;31624131;Beyoncé;Texas Hold 'Em;https://hooks.swr.de/28468/2002517.mp3;https://onair.swr.de/covers/swr/swrhfdb1.KONF.52447781?stationid=28468
2025-06-13 21:15:26;214;31624145;FAST BOY & ClockClock;Born again;https://hooks.swr.de/28468/2219373.mp3;https://onair.swr.de/covers/swr/swrhfdb1.KONF.53629680?stationid=28468
2025-06-13 21:19:12;214;31624154;Fleetwood Mac;Little lies;https://hooks.swr.de/28468/M0003884.004.mp3;https://onair.swr.de/covers/swr/swrhfdb1.KONF.4276620?stationid=28468
2025-06-13 21:24:28;147;31624162;Marc Atlas;Fool;https://hooks.swr.de/28468/2215629.mp3;https://onair.swr.de/covers/swr/swrhfdb1.KONF.53596995?stationid=28468
2025-06-13 21:26:58;184;31624176;Anne-Marie;2002;https://hooks.swr.de/28468/M0510006.001.mp3;https://onair.swr.de/covers/swr/swrhfdb1.KONF.45975912?stationid=28468
2025-06-13 21:30:07;175;31624185;Harry Styles;Late night talking;https://hooks.swr.de/28468/M0685242.002.mp3;https://onair.swr.de/covers/swr/swrhfdb1.KONF.49271041?stationid=28468
2025-06-13 21:34:43;153;31624198;Rea Garvey;Perfect in my eyes;https://hooks.swr.de/28468/1949744.mp3;https://onair.swr.de/covers/swr/swrhfdb1.KONF.51483992?stationid=28468
2025-06-13 21:37:15;185;31624209;Adele;Set fire to the rain;https://hooks.swr.de/28468/M0273976.001.mp3;https://onair.swr.de/covers/swr/swrhfdb1.KONF.22171243?stationid=28468
2025-06-13 21:42:00;215;31624214;Coldplay feat. Little Simz, Burna Boy, Elyanna & Tini;We pray;https://hooks.swr.de/28468/2103344.mp3;https://onair.swr.de/covers/swr/swrhfdb1.KONF.53048106?stationid=28468
2025-06-13 21:45:20;292;31624225;Sinéad O'Connor;Nothing compares 2 U;https://hooks.swr.de/28468/M0516796.001.mp3;https://onair.swr.de/covers/swr/swrhfdb1.KONF.46076513?stationid=28468
2025-06-13 21:51:13;201;31624231;Purple Disco Machine x The Magician;All my life;https://hooks.swr.de/28468/2124091.mp3;https://onair.swr.de/covers/swr/swrhfdb1.KONF.53093911?stationid=28468
2025-06-13 21:54:31;171;31624250;Persia Holder;Echo;https://hooks.swr.de/28468/2244217.mp3;https://onair.swr.de/covers/swr/swrhfdb1.KONF.53705846?stationid=28468
2025-06-13 21:57:19;207;31624263;Mattafix;Big city life;https://hooks.swr.de/28468/M0037111.001.mp3;no cover
2025-06-13 22:04:33;155;31624275;Benson Boone;Sorry I'm here for someone else;https://hooks.swr.de/28468/2205777.mp3;https://onair.swr.de/covers/swr/swrhfdb1.KONF.53611557?stationid=28468
2025-06-13 22:07:04;173;31624286;Robin Schulz feat. Jasmine Thompson;Sun goes down;https://hooks.swr.de/28468/M0371501.001.mp3;https://onair.swr.de/covers/swr/swrhfdb1.KONF.44029502?stationid=28468
2025-06-13 22:09:57;206;31624288;Malik Harris;Sticks & stones;https://hooks.swr.de/28468/1962674.mp3;https://onair.swr.de/covers/swr/swrhfdb1.KONF.51395446?stationid=28468
2025-06-13 22:15:08;126;31624295;Selena Gomez / benny blanco / Gracie Abrams;Call me when you break up;https://hooks.swr.de/28468/2200319.mp3;https://onair.swr.de/covers/swr/swrhfdb1.KONF.53606228?stationid=28468
2025-06-13 22:19:51;239;31624301;Michael Jackson;They don't care about us;https://hooks.swr.de/28468/M0002330.018.mp3;https://onair.swr.de/covers/swr/swrhfdb1.KONF.13953432?stationid=28468
2025-06-13 22:23:51;133;31624309;Loi;The way I want it;https://hooks.swr.de/28468/2062018.mp3;https://onair.swr.de/covers/swr/swrhfdb1.KONF.52719007?stationid=28468
2025-06-13 22:26:09;240;31624318;The Fray;You found me;https://hooks.swr.de/28468/M0114039.001.mp3;https://onair.swr.de/covers/swr/swrhfdb1.KONF.9507663?stationid=28468
2025-06-13 22:30:02;188;31624325;Master KG feat. Nomcebo Zikode;Jerusalema;https://hooks.swr.de/28468/M0598709.001.mp3;https://onair.swr.de/covers/swr/swrhfdb1.KONF.47226965?stationid=28468
2025-06-13 22:31:03;177;31624328;Leony;By your side (In my mind);https://hooks.swr.de/28468/2174383.mp3;https://onair.swr.de/covers/swr/swrhfdb1.KONF.53578286?stationid=28468
2025-06-13 22:34:54;195;31624330;Charlie Puth;How long;https://hooks.swr.de/28468/M0494882.001.mp3;https://onair.swr.de/covers/swr/swrhfdb1.KONF.45774744?stationid=28468
2025-06-13 22:38:08;171;31624341;Kenya Grace;Strangers;https://hooks.swr.de/28468/1920468.mp3;https://onair.swr.de/covers/swr/swrhfdb1.KONF.51268978?stationid=28468
2025-06-13 22:41:58;189;31624348;Apache 207;Morgen;https://hooks.swr.de/28468/2243008.mp3;https://onair.swr.de/covers/swr/swrhfdb1.KONF.53698372?stationid=28468
2025-06-13 22:45:04;174;31624356;Daniel Merriweather;Impossible;https://hooksswr-a.akamaihd.net/28468/M0131707.001.mp3;https://onair.swr.de/covers/swr/swrhfdb1.KONF.13987183?stationid=28468
2025-06-13 22:47:57;175;31624364;Kygo X Ava Max;Whatever;https://hooks.swr.de/28468/2002197.mp3;https://onair.swr.de/covers/swr/swrhfdb1.KONF.52082099?stationid=28468
2025-06-13 22:51:12;215;31624368;DNCE;Cake by the ocean;https://hooks.swr.de/28468/M0426496.001.mp3;https://onair.swr.de/covers/swr/swrhfdb1.KONF.45017590?stationid=28468
2025-06-13 22:54:43;138;31624374;P!nk + Willow Sage Hart;Cover me in sunshine;https://hooks.swr.de/28468/M0640458.001.mp3;https://onair.swr.de/covers/swr/swrhfdb1.KONF.47569811?stationid=28468
2025-06-13 22:56:55;226;31624382;Dermot Kennedy;Kiss me;https://hooks.swr.de/28468/1723229.mp3;https://onair.swr.de/covers/swr/swrhfdb1.KONF.49563707?stationid=28468
2025-06-13 23:04:57;184;31624400;Dua Lipa;Houdini;https://hooks.swr.de/28468/1952717.mp3;https://onair.swr.de/covers/swr/swrhfdb1.KONF.51563971?stationid=28468
2025-06-13 23:07:45;202;31624407;Ich + Ich;Pflaster;https://hooks.swr.de/28468/M0234139.001.mp3;https://onair.swr.de/covers/swr/swrhfdb1.KONF.14351180?stationid=28468
2025-06-13 23:12:21;209;31624409;Mark Ronson X Raye;Suzanne (radio edit);https://hooks.swr.de/28468/2247289.mp3;https://onair.swr.de/covers/swr/swrhfdb1.KONF.53852397?stationid=28468
2025-06-13 23:10:55;227;31624414;RAYE feat. 070 Shake;Escapism;https://hooks.swr.de/28468/1903283.mp3;https://onair.swr.de/covers/swr/swrhfdb1.KONF.50648987?stationid=28468
2025-06-13 23:11:08;227;31624415;RAYE feat. 070 Shake;Escapism;https://hooks.swr.de/28468/1903283.mp3;https://onair.swr.de/covers/swr/swrhfdb1.KONF.50648987?stationid=28468
2025-06-13 23:11:33;219;31624416;Mark Ronson feat. Amy Winehouse;Valerie;https://hooks.swr.de/28468/M0084313.001.mp3;https://onair.swr.de/covers/swr/swrhfdb1.KONF.9032754?stationid=28468
2025-06-13 23:15:50;159;31624418;Michael Schulte;Afterlife;https://hooks.swr.de/28468/2223322.mp3;https://onair.swr.de/covers/swr/swrhfdb1.KONF.53637675?stationid=28468
2025-06-13 23:18:26;258;31624426;Texas;I don't want a lover;https://hooks.swr.de/28468/M0002252.001.mp3;https://onair.swr.de/covers/swr/swrhfdb1.KONF.6787311?stationid=28468
2025-06-13 23:22:51;177;31624429;Ed Sheeran;Sapphire;https://hooks.swr.de/28468/2245779.mp3;https://onair.swr.de/covers/swr/swrhfdb1.KONF.53796714?stationid=28468
2025-06-13 23:25:44;199;31624435;Halsey;Without me;https://hooks.swr.de/28468/M0545852.001.mp3;https://onair.swr.de/covers/swr/swrhfdb1.KONF.46224762?stationid=28468
2025-06-13 23:28:54;140;31624441;The Kid Laroi & Justin Bieber;Stay;https://hooks.swr.de/28468/M0674740.001.mp3;https://onair.swr.de/covers/swr/swrhfdb1.KONF.48015372?stationid=28468
2025-06-13 23:29:55;154;31624443;Shaboozey feat. Myles Smith;Blink twice;https://hooks.swr.de/28468/2229740.mp3;https://onair.swr.de/covers/swr/swrhfdb1.KONF.53642646?stationid=28468
2025-06-13 23:33:11;179;31624445;Ellie Goulding;Close to me;https://hooks.swr.de/28468/M0552175.001.mp3;https://onair.swr.de/covers/swr/swrhfdb1.KONF.46469237?stationid=28468
2025-06-13 23:36:07;172;31624452;Lost Frequencies x Bastille;Head down;https://hooks.swr.de/28468/1986676.mp3;https://onair.swr.de/covers/swr/swrhfdb1.KONF.51924482?stationid=28468
2025-06-13 23:40:33;214;31624456;The Goo Goo Dolls;Iris;https://hooks.swr.de/28468/M0081940.014.mp3;https://onair.swr.de/covers/swr/swrhfdb1.KONF.8687198?stationid=28468
2025-06-13 23:43:58;176;31624466;Taylor Swift;Cruel Summer;https://hooks.swr.de/28468/1895041.mp3;https://onair.swr.de/covers/swr/swrhfdb1.KONF.50978808?stationid=28468
2025-06-13 23:46:50;170;31624469;Nico Santos;Home Pt. 2;https://hooks.swr.de/28468/2242803.mp3;https://onair.swr.de/covers/swr/swrhfdb1.KONF.53698686?stationid=28468
2025-06-13 23:49:28;232;31624475;Alicia Keys;Doesn't mean anything;https://hooks.swr.de/28468/M0233996.001.mp3;https://onair.swr.de/covers/swr/swrhfdb1.KONF.14346281?stationid=28468
2025-06-13 23:53:07;208;31624481;David Gray;Babylon;https://hooks.swr.de/28468/M0514554.001.mp3;https://onair.swr.de/covers/swr/swrhfdb1.KONF.46032956?stationid=28468
2025-06-13 23:56:33;213;31624487;Sia;Chandelier;https://hooks.swr.de/28468/M0357015.001.mp3;https://onair.swr.de/covers/swr/swrhfdb1.KONF.43213345?stationid=28468
