time;duration;id;artist;title;cover
2024-11-25 00:00:14;1;20607f8c-4df7-4f6f-2505-d9895679e2d8;ROCKFM;0800 666 88 66 JETZT ANRUFEN;https://storage.googleapis.com/rr-app-e7786.appspot.com/v2/covers/650_235693937.jpg
2024-11-25 01:00:14;1;20607f8c-4df7-4f6f-2505-d9895679e2d8;ROCKFM;0800 666 88 66 JETZT ANRUFEN;https://storage.googleapis.com/rr-app-e7786.appspot.com/v2/covers/650_235693937.jpg
2024-11-25 02:02:24;250;1acc61e4-3c9b-4976-1a8f-7d15175eed35;GENESIS;THAT'S ALL;https://storage.googleapis.com/rr-app-e7786.appspot.com/v2/covers/650_226715859.jpg
2024-11-25 02:06:37;217;6d84c253-a101-41b5-8fab-ebfbb7c729af;THIRD EYE BLIND;SEMI-CHARMED LIFE;https://storage.googleapis.com/rr-app-e7786.appspot.com/v2/covers/650_226695925.jpg
2024-11-25 02:10:14;239;f1e8084b-a695-4530-d5be-68a4231d6349;ALANIS MORISSETTE;GUARDIAN;https://storage.googleapis.com/rr-app-e7786.appspot.com/v2/covers/650_226695761.jpg
2024-11-25 02:14:19;218;e93689ba-b79e-4c74-0559-3fac53358cc9;INXS;NEW SENSATION;https://storage.googleapis.com/rr-app-e7786.appspot.com/v2/covers/650_226716929.jpg
2024-11-25 02:17:57;238;0a2a3a58-ec2f-421f-7185-518697988af5;BLONDIE;MARIA;https://storage.googleapis.com/rr-app-e7786.appspot.com/v2/covers/650_226693595.jpg
2024-11-25 02:21:58;242;e687e347-4efa-4674-fb32-9d46b6a69e07;JOURNEY;DON'T STOP BELIEVIN';https://storage.googleapis.com/rr-app-e7786.appspot.com/v2/covers/650_226711913.jpg
2024-11-25 02:26:00;154;297a3b31-6244-4cd9-01bc-80849712524d;CREEDENCE CLEARWATER REVIVAL;HAVE YOU EVER SEEN THE RAIN?;https://storage.googleapis.com/rr-app-e7786.appspot.com/v2/covers/650_226715231.jpg
2024-11-25 02:28:49;265;85ac0a2d-082f-4f0e-3d05-aeaf5cfbc430;NIRVANA;SMELLS LIKE TEEN SPIRIT;https://storage.googleapis.com/rr-app-e7786.appspot.com/v2/covers/650_226704743.jpg
2024-11-25 02:33:22;261;22570e89-5a0b-4a26-068d-4597587806da;CUTTING CREW;[I JUST] DIED IN YOUR ARMS;https://storage.googleapis.com/rr-app-e7786.appspot.com/v2/covers/650_226693847.jpg
2024-11-25 02:37:44;239;e2e4c1d8-6ce4-41bf-a30e-fade41d3ec17;CROWDED HOUSE;WEATHER WITH YOU;https://storage.googleapis.com/rr-app-e7786.appspot.com/v2/covers/650_226682583.jpg
2024-11-25 02:41:43;215;cc5d05b6-eeee-4fa5-084a-dfac88ac0718;THE KINKS;LOLA;https://storage.googleapis.com/rr-app-e7786.appspot.com/v2/covers/650_226685461.jpg
2024-11-25 02:45:18;270;8d3e8c8f-ba5e-4fc6-0e0e-ec0c47320091;BILLY JOEL;WE DIDN`T START THE FIRE;https://storage.googleapis.com/rr-app-e7786.appspot.com/v2/covers/650_235596783.jpg
2024-11-25 02:49:51;193;69f1b30f-5c0c-4400-735d-e8c4522214a8;SMASH MOUTH;ALL STAR;https://storage.googleapis.com/rr-app-e7786.appspot.com/v2/covers/650_236178021.jpg
2024-11-25 02:53:04;176;5e488817-28b8-493b-682e-3738b455d97c;BANGLES;MANIC MONDAY;https://storage.googleapis.com/rr-app-e7786.appspot.com/v2/covers/650_226693833.jpg
2024-11-25 02:56:02;255;229827bf-7c99-44d8-f85e-03262b733cd6;OFFSPRING;SELF ESTEEM;https://storage.googleapis.com/rr-app-e7786.appspot.com/v2/covers/650_226690039.jpg
2024-11-25 03:03:16;195;72875f12-425a-48b3-9ecd-99fac3413920;MR. BIG;TO BE WITH YOU;https://storage.googleapis.com/rr-app-e7786.appspot.com/v2/covers/650_226695137.jpg
2024-11-25 03:06:34;198;1317c9dd-0867-4ca1-f796-695c7622eb2e;BRYAN ADAMS;SUMMER OF '69;https://storage.googleapis.com/rr-app-e7786.appspot.com/v2/covers/650_235596595.jpg
2024-11-25 03:09:52;235;f2ff2c1a-d38d-4a75-7f0e-a1f15d3ceb0a;AEROSMITH;CRAZY;https://storage.googleapis.com/rr-app-e7786.appspot.com/v2/covers/650_226692625.jpg
2024-11-25 03:13:48;272;ee429027-086c-467f-0a90-16b9fcc50dfd;LYNYRD SKYNYRD;SWEET HOME ALABAMA;https://storage.googleapis.com/rr-app-e7786.appspot.com/v2/covers/650_226726557.jpg
2024-11-25 03:18:20;211;8b86925c-83d2-4e87-8351-5593746c314d;BON JOVI;YOU GIVE LOVE A BAD NAME;https://storage.googleapis.com/rr-app-e7786.appspot.com/v2/covers/650_226688399.jpg
2024-11-25 03:21:53;292;43597f20-3ced-4e34-0ca9-7c6b90e90f8e;HEART;ALL I WANNA DO IS MAKE LOVE TO YOU;https://storage.googleapis.com/rr-app-e7786.appspot.com/v2/covers/650_226683573.jpg
2024-11-25 03:26:45;202;e7170264-0954-4276-68c0-a514a135eadd;KINGS OF LEON;SEX ON FIRE;https://storage.googleapis.com/rr-app-e7786.appspot.com/v2/covers/650_226695277.jpg
2024-11-25 03:30:52;237;c45763fb-62f5-471e-e3c6-0d1075f568e9;DIRE STRAITS;MONEY FOR NOTHING;https://storage.googleapis.com/rr-app-e7786.appspot.com/v2/covers/650_226688199.jpg
2024-11-25 03:34:52;150;6048aaa4-76e0-41fa-848e-1e7ef055cbac;PAUL CARRACK;HOW LONG;https://storage.googleapis.com/rr-app-e7786.appspot.com/v2/covers/650_226720809.jpg
2024-11-25 03:37:22;256;d5626660-b50e-40db-cc85-9d2e69680158;FOREIGNER;URGENT;https://storage.googleapis.com/rr-app-e7786.appspot.com/v2/covers/650_226710685.jpg
2024-11-25 03:41:39;207;60933c2c-3e39-4f11-51b1-6bf4f4cd41b4;ROB THOMAS;LITTLE WONDERS;https://storage.googleapis.com/rr-app-e7786.appspot.com/v2/covers/650_226696281.jpg
2024-11-25 03:45:06;255;b513e05d-01b6-4a9f-4316-7a4bf977ca1b;METALLICA;NOTHING ELSE MATTERS;https://storage.googleapis.com/rr-app-e7786.appspot.com/v2/covers/650_226716189.jpg
2024-11-25 03:49:23;172;75b66ebe-f431-4e64-0fd6-765c6775f17d;TOM PETTY;I WON'T BACK DOWN;https://storage.googleapis.com/rr-app-e7786.appspot.com/v2/covers/650_226714749.jpg
2024-11-25 03:52:16;224;c4ca2b18-e26f-4d65-f5ce-7eb492c23084;AC/DC;MONEYTALKS;https://storage.googleapis.com/rr-app-e7786.appspot.com/v2/covers/650_226713921.jpg
2024-11-25 03:56:01;269;9f0e7ece-632b-4e7f-8494-4c1641aea13a;DON HENLEY;THE BOYS OF SUMMER;https://storage.googleapis.com/rr-app-e7786.appspot.com/v2/covers/650_226694899.jpg
2024-11-25 04:02:55;215;4e1caeb0-18e8-4817-2fe5-6d0f3e33a4b6;HOOTERS;ALL YOU ZOMBIES;https://storage.googleapis.com/rr-app-e7786.appspot.com/v2/covers/650_226695355.jpg
2024-11-25 04:06:31;268;2e94cf28-b1aa-495b-9654-baedd218b513;THE ROLLING STONES;ANYBODY SEEN MY BABY?;https://storage.googleapis.com/rr-app-e7786.appspot.com/v2/covers/650_226713045.jpg
2024-11-25 04:10:59;147;1bd01c5a-c48f-445d-0ee2-56c4469653af;THE LUMINEERS;HO HEY;https://storage.googleapis.com/rr-app-e7786.appspot.com/v2/covers/650_226696753.jpg
2024-11-25 04:13:33;220;914a63ca-e2cf-4dd1-faa1-24189f0ba6fb;PRINCE & THE REVOLUTION;KISS;https://storage.googleapis.com/rr-app-e7786.appspot.com/v2/covers/650_226693861.jpg
2024-11-25 04:17:12;280;683dc211-f116-4f17-ee34-53ac1c2a5391;GUNS N' ROSES;DON'T CRY;https://storage.googleapis.com/rr-app-e7786.appspot.com/v2/covers/650_226707369.jpg
2024-11-25 04:21:54;284;718b9697-0e08-47a2-b45e-3d554fb971ed;PHILIP BAILEY & PHIL COLLINS;EASY LOVER;https://storage.googleapis.com/rr-app-e7786.appspot.com/v2/covers/650_226693797.jpg
2024-11-25 04:26:39;204;5ab1f867-04d7-4af7-6760-8fa84622d388;DAVID BOWIE;HEROES;https://storage.googleapis.com/rr-app-e7786.appspot.com/v2/covers/650_226682089.jpg
2024-11-25 04:30:52;206;97ea1d25-0530-427e-07e1-3545275ae05f;DIE TOTEN HOSEN;BONNIE & CLYDE;https://storage.googleapis.com/rr-app-e7786.appspot.com/v2/covers/650_226705411.jpg
2024-11-25 04:34:26;231;818b0c7a-d958-48a7-2702-d5ee3bf72e33;STEVE WINWOOD;BACK IN THE HIGH LIFE AGAIN;https://storage.googleapis.com/rr-app-e7786.appspot.com/v2/covers/650_226688593.jpg
2024-11-25 04:38:17;214;9d4e3a0b-740d-4f39-4b1b-fe33b7942870;GARY MOORE;STILL GOT THE BLUES [FOR YOU];https://storage.googleapis.com/rr-app-e7786.appspot.com/v2/covers/650_226698285.jpg
2024-11-25 04:41:51;420;3d1149ca-99c0-447f-be2e-06ab2c0268f1;DEREK & THE DOMINOS & ERIC CLAPTON;LAYLA;https://storage.googleapis.com/rr-app-e7786.appspot.com/v2/covers/650_226709149.jpg
2024-11-25 04:48:51;244;51c724e6-31bc-461c-7d96-e5000965f342;STARSHIP;WE BUILT THIS CITY;https://storage.googleapis.com/rr-app-e7786.appspot.com/v2/covers/650_226688117.jpg
2024-11-25 04:52:58;190;c3bb6404-85e7-428f-6aef-33cef1d56d86;RED HOT CHILI PEPPERS;CALIFORNICATION;https://storage.googleapis.com/rr-app-e7786.appspot.com/v2/covers/650_226690967.jpg
2024-11-25 04:56:08;224;6e0e46d1-f575-485d-2115-25521468862b;SIMPLE MINDS;ALIVE AND KICKING;https://storage.googleapis.com/rr-app-e7786.appspot.com/v2/covers/650_226693807.jpg
2024-11-25 05:01:33;230;f99dc4b6-b918-4b76-ca50-74a045bd9a57;RADIOHEAD;CREEP;https://storage.googleapis.com/rr-app-e7786.appspot.com/v2/covers/650_226689993.jpg
2024-11-25 05:05:25;300;5635b6d0-7c3f-4760-6c64-35b1d20e249d;BON JOVI;BAD MEDICINE;https://storage.googleapis.com/rr-app-e7786.appspot.com/v2/covers/650_226713657.jpg
2024-11-25 05:10:26;308;e802a798-eb52-44b4-3e34-d51c214bba4f;REM;EVERYBODY HURTS;https://storage.googleapis.com/rr-app-e7786.appspot.com/v2/covers/650_226709979.jpg
2024-11-25 05:15:39;219;704a8fd7-d79a-45e2-20d7-444344bacdb0;SWEET;LOVE IS LIKE OXYGEN;https://storage.googleapis.com/rr-app-e7786.appspot.com/v2/covers/650_226704641.jpg
2024-11-25 05:19:18;283;ea560ffc-e6c7-4c69-7598-801ba2045481;U2;WITH OR WITHOUT YOU;https://storage.googleapis.com/rr-app-e7786.appspot.com/v2/covers/650_226707227.jpg
2024-11-25 05:24:03;198;8750cbe0-6853-48ce-7b5f-18408aacecf2;BRYAN ADAMS FEAT. MELANIE C;WHEN YOU'RE GONE;https://storage.googleapis.com/rr-app-e7786.appspot.com/v2/covers/650_226683477.jpg
2024-11-25 05:27:22;227;d14d00fb-2545-4272-7aed-f19ba1eb21c2;LINKIN PARK;BURN IT DOWN;https://storage.googleapis.com/rr-app-e7786.appspot.com/v2/covers/650_226695557.jpg
2024-11-25 05:33:25;267;3c8f2177-f0b9-4685-e101-d170d2639999;THE ROLLING STONES;WAITING ON A FRIEND;https://storage.googleapis.com/rr-app-e7786.appspot.com/v2/covers/650_226713173.jpg
2024-11-25 05:38:00;225;85ff5efd-a907-4c2a-c165-d17cf58ef2b3;BECK;LOSER;https://storage.googleapis.com/rr-app-e7786.appspot.com/v2/covers/650_226691847.jpg
2024-11-25 05:41:50;212;403f69e5-e02d-462a-7f4f-f9f797fef3f3;J. GEILS BAND;CENTERFOLD;https://storage.googleapis.com/rr-app-e7786.appspot.com/v2/covers/650_226698969.jpg
2024-11-25 05:45:22;221;33859f6d-1042-4028-b041-356de8d11351;KINGS OF LEON;USE SOMEBODY;https://storage.googleapis.com/rr-app-e7786.appspot.com/v2/covers/650_226714873.jpg
2024-11-25 05:49:05;280;af99c766-6efc-4def-8bcd-dfd1adccf0d7;AEROSMITH;I DON'T WANT TO MISS A THING;https://storage.googleapis.com/rr-app-e7786.appspot.com/v2/covers/650_226693521.jpg
2024-11-25 05:53:44;256;915f0db8-c958-4c21-cd9d-5f93e499045b;HUEY LEWIS & THE NEWS;STUCK WITH YOU;https://storage.googleapis.com/rr-app-e7786.appspot.com/v2/covers/650_226699183.jpg
2024-11-25 06:03:39;259;34a02005-739e-4135-4ae0-948ea52f038c;QUIET RIOT;CUM ON FEEL THE NOIZE;https://storage.googleapis.com/rr-app-e7786.appspot.com/v2/covers/650_226722415.jpg
2024-11-25 06:08:00;210;434df200-531a-4044-3ee1-91d88e9943b9;MIKE & THE MECHANICS;WORD OF MOUTH;https://storage.googleapis.com/rr-app-e7786.appspot.com/v2/covers/650_226692235.jpg
2024-11-25 06:13:38;185;a4cb202a-e19a-46ea-0d06-40b01d6508e3;THE CLASH;SHOULD I STAY OR SHOULD I GO;https://storage.googleapis.com/rr-app-e7786.appspot.com/v2/covers/650_226710459.jpg
2024-11-25 06:15:59;189;4baae1b4-a658-4097-1bbd-5e7ab1a92151;LIFEHOUSE;HALFWAY GONE;https://storage.googleapis.com/rr-app-e7786.appspot.com/v2/covers/650_226691353.jpg
2024-11-25 06:19:58;265;6b9fb1f5-c82d-4957-b19b-57c8600431a4;CRANBERRIES;ODE TO MY FAMILY;https://storage.googleapis.com/rr-app-e7786.appspot.com/v2/covers/650_226683333.jpg
2024-11-25 06:24:23;232;e4a058dd-7d8e-439a-6518-be95ea34c027;RICK SPRINGFIELD;CELEBRATE YOUTH;https://storage.googleapis.com/rr-app-e7786.appspot.com/v2/covers/650_226693787.jpg
2024-11-25 06:33:51;263;c86e588d-245c-46cf-e0d8-f6f13797cc8e;AC/DC;THUNDERSTRUCK;https://storage.googleapis.com/rr-app-e7786.appspot.com/v2/covers/650_226690057.jpg
2024-11-25 06:38:17;190;172cdbf9-acf7-46f3-191e-a158588afa37;KIM WILDE;CHEQUERED LOVE;https://storage.googleapis.com/rr-app-e7786.appspot.com/v2/covers/650_226693663.jpg
2024-11-25 06:43:29;253;7eca0832-e14d-4877-f8b7-de52f838daf1;JON BON JOVI;BLAZE OF GLORY;https://storage.googleapis.com/rr-app-e7786.appspot.com/v2/covers/650_226683553.jpg
2024-11-25 06:46:48;197;0410f60a-000b-4d43-96a6-dfcd7b4aace8;STATUS QUO;WHATEVER YOU WANT;https://storage.googleapis.com/rr-app-e7786.appspot.com/v2/covers/650_226704047.jpg
2024-11-25 06:50:33;228;b37aa6c9-22bf-4d12-6fd9-cc9c699d61f3;EUROPE;THE FINAL COUNTDOWN;https://storage.googleapis.com/rr-app-e7786.appspot.com/v2/covers/650_226693835.jpg
2024-11-25 06:54:28;239;57b0395d-1a07-4e8f-48c8-27ad33e0029e;SHERYL CROW;ALL I WANNA DO;https://storage.googleapis.com/rr-app-e7786.appspot.com/v2/covers/650_226682413.jpg
2024-11-25 07:05:29;196;05626a81-c801-444b-8036-f417abd305bb;PLACEBO;EVERY YOU EVERY ME;https://storage.googleapis.com/rr-app-e7786.appspot.com/v2/covers/650_226690003.jpg
2024-11-25 07:08:46;198;08cb7c31-9c1c-4660-2f53-1743f447b85f;BILLY IDOL;WHITE WEDDING;https://storage.googleapis.com/rr-app-e7786.appspot.com/v2/covers/650_226698833.jpg
2024-11-25 07:14:21;190;56432eae-e63f-4cd9-a9e7-f3d715a642f1;LINKIN PARK;THE EMPTINESS MACHINE;https://storage.googleapis.com/rr-app-e7786.appspot.com/v2/covers/650_236513247.jpg
2024-11-25 07:17:32;249;d9e08e57-d933-44e8-7d1f-008eb6521909;RED HOT CHILI PEPPERS;OTHERSIDE;https://storage.googleapis.com/rr-app-e7786.appspot.com/v2/covers/650_226709005.jpg
2024-11-25 07:22:03;192;a90c8531-e6ae-4e59-2bae-507b26cac1c4;THE PROCLAIMERS;I'M GONNA BE [500 MILES];https://storage.googleapis.com/rr-app-e7786.appspot.com/v2/covers/650_226690011.jpg
2024-11-25 07:25:16;261;c09a7651-3121-4e42-fdbf-c24fbebbf8e8;U2;ONE;https://storage.googleapis.com/rr-app-e7786.appspot.com/v2/covers/650_226722427.jpg
2024-11-25 07:34:33;140;3aab2a3d-4c08-4ac1-4b23-97eaacff20c9;BRUCE SPRINGSTEEN;I'M ON FIRE;https://storage.googleapis.com/rr-app-e7786.appspot.com/v2/covers/650_226688203.jpg
2024-11-25 07:36:56;299;40f17cf5-5e13-4e76-955f-7cf42d158083;METALLICA;WHISKEY IN THE JAR;https://storage.googleapis.com/rr-app-e7786.appspot.com/v2/covers/650_226716951.jpg
2024-11-25 07:44:18;197;38f2bb57-cbea-44e9-c899-030de35b5eab;JIMI HENDRIX;HEY JOE;https://storage.googleapis.com/rr-app-e7786.appspot.com/v2/covers/650_226709773.jpg
2024-11-25 07:47:27;223;4540d306-4d7d-4d77-a182-f711e3c01c0f;HUEY LEWIS & THE NEWS;THE POWER OF LOVE;https://storage.googleapis.com/rr-app-e7786.appspot.com/v2/covers/650_226688343.jpg
2024-11-25 07:51:48;204;3d598a89-e063-4b05-9721-0f753f16d16c;MR. BIG;WILD WORLD;https://storage.googleapis.com/rr-app-e7786.appspot.com/v2/covers/650_226682661.jpg
2024-11-25 07:55:17;216;3f7c4fa8-0902-45e1-6131-bf141ec75713;THE POLICE;DE DO DO DO DE DA DA DA;https://storage.googleapis.com/rr-app-e7786.appspot.com/v2/covers/650_226688239.jpg
2024-11-25 08:05:32;273;5bd3f935-bd8c-44ce-d5d2-a77bdeac59d3;QUEEN;I WANT IT ALL;https://storage.googleapis.com/rr-app-e7786.appspot.com/v2/covers/650_226699021.jpg
2024-11-25 08:10:05;240;2eced028-80db-4850-4549-77f340148c5f;REM;THE SIDEWINDER SLEEPS TONITE;https://storage.googleapis.com/rr-app-e7786.appspot.com/v2/covers/650_226709977.jpg
2024-11-25 08:14:07;195;e065bbf2-6614-458c-015a-73608aafc2be;REO SPEEDWAGON;KEEP ON LOVING YOU;https://storage.googleapis.com/rr-app-e7786.appspot.com/v2/covers/650_226726243.jpg
2024-11-25 08:17:27;230;f5f1ac2a-077d-4a35-9268-e1c7ea9a51f8;FOO FIGHTERS;LEARN TO FLY;https://storage.googleapis.com/rr-app-e7786.appspot.com/v2/covers/650_226701811.jpg
2024-11-25 08:23:18;215;0254fe97-f9c2-4aa3-2f7f-67079e6b493f;COUNTING CROWS;BIG YELLOW TAXI;https://storage.googleapis.com/rr-app-e7786.appspot.com/v2/covers/650_226700761.jpg
2024-11-25 08:33:37;216;02fe0049-281d-4918-864a-75b1e9974bb9;JOE COCKER;SUMMER IN THE CITY;https://storage.googleapis.com/rr-app-e7786.appspot.com/v2/covers/650_226693543.jpg
2024-11-25 08:37:19;251;67fdb35c-1379-48b1-de58-e25667a7993c;MIKE & THE MECHANICS;SILENT RUNNING;https://storage.googleapis.com/rr-app-e7786.appspot.com/v2/covers/650_226688115.jpg
2024-11-25 08:42:58;263;c935973f-2567-4038-af9d-e28a8e871ae2;CREED;WITH ARMS WIDE OPEN;https://storage.googleapis.com/rr-app-e7786.appspot.com/v2/covers/650_226714937.jpg
2024-11-25 08:47:15;204;7c0eb702-70b3-485e-b2c3-33fa5dddc6ad;EAGLES;TAKE IT EASY;https://storage.googleapis.com/rr-app-e7786.appspot.com/v2/covers/650_226685719.jpg
2024-11-25 08:50:41;172;a4ac0bb7-b5b5-40a8-61a1-aef2353b9b0f;ASIA;HEAT OF THE MOMENT;https://storage.googleapis.com/rr-app-e7786.appspot.com/v2/covers/650_226695111.jpg
2024-11-25 08:53:41;221;38ce32e8-e943-444c-c215-7a6210ffbd1f;ROD STEWART;RHYTHM OF MY HEART;https://storage.googleapis.com/rr-app-e7786.appspot.com/v2/covers/650_226693547.jpg
2024-11-25 09:04:33;259;c5e4ac71-f481-415f-d2a4-5be929c91605;BON JOVI;THESE DAYS;https://storage.googleapis.com/rr-app-e7786.appspot.com/v2/covers/650_226698565.jpg
2024-11-25 09:08:54;179;59996de9-1dd9-4d19-7fce-6928aacdc1c9;RICK SPRINGFIELD;JESSIE'S GIRL;https://storage.googleapis.com/rr-app-e7786.appspot.com/v2/covers/650_226693135.jpg
2024-11-25 09:11:53;211;ae146b6e-7dfe-493b-414d-13aba5d90c6e;AC/DC;T.N.T.;https://storage.googleapis.com/rr-app-e7786.appspot.com/v2/covers/650_226715817.jpg
2024-11-25 09:15:28;179;5cae1dd3-c2d3-4c75-98af-495dfce39eff;DIE TOTEN HOSEN;ALLES AUS LIEBE;https://storage.googleapis.com/rr-app-e7786.appspot.com/v2/covers/650_226704749.jpg
2024-11-25 09:19:41;255;aac72ba5-f443-4fb0-a3e9-6f9f7333dcd2;SIMPLE MINDS;DON'T YOU [FORGET ABOUT ME];https://storage.googleapis.com/rr-app-e7786.appspot.com/v2/covers/650_226696171.jpg
2024-11-25 09:23:56;280;06543242-9ab0-4c7c-5d1a-ca8004adce11;RED HOT CHILI PEPPERS;GIVE IT AWAY;https://storage.googleapis.com/rr-app-e7786.appspot.com/v2/covers/650_226712509.jpg
2024-11-25 09:34:41;211;26d52e9c-8b69-4d6b-3ab1-5cf7a2fe83c3;MANFRED MANN'S EARTH BAND;FOR YOU;https://storage.googleapis.com/rr-app-e7786.appspot.com/v2/covers/650_226695973.jpg
2024-11-25 09:38:15;251;baba135d-e043-457f-42b4-899f81845ac9;UGLY KID JOE;EVERYTHING ABOUT YOU;https://storage.googleapis.com/rr-app-e7786.appspot.com/v2/covers/650_226713941.jpg
2024-11-25 09:42:28;260;92f66451-5e40-4e05-fe71-24e03bfac433;U2;WHERE THE STREETS HAVE NO NAME;https://storage.googleapis.com/rr-app-e7786.appspot.com/v2/covers/650_235596079.jpg
2024-11-25 09:46:50;197;72252ce6-219d-43c2-bd24-a05602518b76;PAPA ROACH;LAST RESORT;https://storage.googleapis.com/rr-app-e7786.appspot.com/v2/covers/650_226705453.jpg
2024-11-25 09:51:10;231;c5d95542-650e-4ef3-aec3-fd42591eac6e;MATCHBOX TWENTY;PUSH;https://storage.googleapis.com/rr-app-e7786.appspot.com/v2/covers/650_226713927.jpg
2024-11-25 10:02:10;258;d5d5ee9e-051e-45e6-02e0-6d4783a19803;TALKING HEADS;ROAD TO NOWHERE;https://storage.googleapis.com/rr-app-e7786.appspot.com/v2/covers/650_226693799.jpg
2024-11-25 10:06:27;173;9fe704f7-2dd7-4d47-4264-2959822e5c47;GARY MOORE;WALKING BY MYSELF;https://storage.googleapis.com/rr-app-e7786.appspot.com/v2/covers/650_226709363.jpg
2024-11-25 10:09:22;237;c64285d0-146c-4ae4-acf5-7d79bf8a28be;PHIL COLLINS;DON'T LOSE MY NUMBER;https://storage.googleapis.com/rr-app-e7786.appspot.com/v2/covers/650_226699201.jpg
2024-11-25 10:13:25;247;2dac7a62-8902-41eb-f494-54013e100689;MARC COHN;WALKING IN MEMPHIS;https://storage.googleapis.com/rr-app-e7786.appspot.com/v2/covers/650_226693551.jpg
2024-11-25 10:17:31;160;209381fb-881f-44d8-9e78-cd6b8abb3fca;BLINK-182;ALL IN MY HEAD;https://storage.googleapis.com/rr-app-e7786.appspot.com/v2/covers/650_236425673.jpg
2024-11-25 10:20:11;270;8f8186a3-3b7c-4dc5-8ed5-160695b7c780;ALANNAH MYLES;BLACK VELVET;https://storage.googleapis.com/rr-app-e7786.appspot.com/v2/covers/650_226693931.jpg
2024-11-25 10:24:43;340;853b49a2-6003-405b-500d-3260664644cc;GUNS N' ROSES;YOU COULD BE MINE;https://storage.googleapis.com/rr-app-e7786.appspot.com/v2/covers/650_226707427.jpg
2024-11-25 10:32:57;202;89581315-08ab-49fc-d5b8-684b81ed7c37;SKUNK ANANSIE;HEDONISM [JUST BECAUSE YOU FEEL GOOD];https://storage.googleapis.com/rr-app-e7786.appspot.com/v2/covers/650_226729555.jpg
2024-11-25 10:36:27;221;3079b610-73db-43ac-a24e-7c6c55a875c8;BRUCE SPRINGSTEEN;GLORY DAYS;https://storage.googleapis.com/rr-app-e7786.appspot.com/v2/covers/650_226688273.jpg
2024-11-25 10:40:08;205;44ebe612-88f8-4b4a-1375-847709dbc5bd;SANTANA;BLACK MAGIC WOMAN;https://storage.googleapis.com/rr-app-e7786.appspot.com/v2/covers/650_226685681.jpg
2024-11-25 10:43:35;176;733fc690-5c6a-4e79-5990-e26398dd8144;THE REMBRANDTS;I'LL BE THERE FOR YOU;https://storage.googleapis.com/rr-app-e7786.appspot.com/v2/covers/650_226684051.jpg
2024-11-25 10:47:29;249;439e912c-65fa-4718-967d-225d088752fa;JOHN COUGAR;JACK AND DIANE;https://storage.googleapis.com/rr-app-e7786.appspot.com/v2/covers/650_232395979.jpg
2024-11-25 10:51:38;232;48ac79c3-e0a1-400e-4984-5533d090e2d1;NATALIE IMBRUGLIA;TORN;https://storage.googleapis.com/rr-app-e7786.appspot.com/v2/covers/650_226693529.jpg
2024-11-25 11:03:05;195;5dbe672a-f049-4495-1dbe-119b182fffb5;NO DOUBT;JUST A GIRL;https://storage.googleapis.com/rr-app-e7786.appspot.com/v2/covers/650_226690017.jpg
2024-11-25 11:06:22;226;7c8b9b5f-ef6e-4c8d-0b11-88ff40faac65;BRYAN ADAMS;HEAVEN;https://storage.googleapis.com/rr-app-e7786.appspot.com/v2/covers/650_226712931.jpg
2024-11-25 11:10:08;150;844ff5f8-2779-4dd2-5185-38343cc84d61;CREEDENCE CLEARWATER REVIVAL;HEY TONIGHT;https://storage.googleapis.com/rr-app-e7786.appspot.com/v2/covers/650_226715237.jpg
2024-11-25 11:12:42;177;774dc4c5-0747-4d98-87c9-b3880d5bc140;NIRVANA;COME AS YOU ARE;https://storage.googleapis.com/rr-app-e7786.appspot.com/v2/covers/650_226689991.jpg
2024-11-25 11:15:39;252;8355fde4-f83d-47b9-df1a-2e73aaa4b1e8;TINA TURNER;WHAT YOU GET IS WHAT YOU SEE;https://storage.googleapis.com/rr-app-e7786.appspot.com/v2/covers/650_226698255.jpg
2024-11-25 11:19:51;260;3a99d9d8-c794-452a-0b29-7876f208e952;PULP;DISCO 2000;https://storage.googleapis.com/rr-app-e7786.appspot.com/v2/covers/650_226737339.jpg
2024-11-25 11:24:13;234;b376b47b-bdf7-4fc9-73c2-199c2bcc4221;PAT BENATAR;LOVE IS A BATTLEFIELD;https://storage.googleapis.com/rr-app-e7786.appspot.com/v2/covers/650_226693783.jpg
2024-11-25 11:28:09;164;e9dd3cf7-52dd-4410-86e7-521a5301b06c;OFFSPRING;WHY DON'T YOU GET A JOB?;https://storage.googleapis.com/rr-app-e7786.appspot.com/v2/covers/650_226716953.jpg
2024-11-25 11:34:07;163;f04d9545-538c-4547-4893-ae8ff3592582;MOTÖRHEAD;ACE OF SPADES;https://storage.googleapis.com/rr-app-e7786.appspot.com/v2/covers/650_226705489.jpg
2024-11-25 11:36:58;250;28ba5912-28be-4ac2-7ddb-78bb898de65d;SOUL ASYLUM;RUNAWAY TRAIN;https://storage.googleapis.com/rr-app-e7786.appspot.com/v2/covers/650_226693631.jpg
2024-11-25 11:41:12;254;6b56e8a3-2ec1-4ebc-fbef-c591c6a52ae3;LOVERBOY;TURN ME LOOSE;https://storage.googleapis.com/rr-app-e7786.appspot.com/v2/covers/650_226691869.jpg
2024-11-25 11:45:25;223;bc349511-f0cd-4eae-2af2-6e5ecc3204a2;EVANESCENCE;BRING ME TO LIFE;https://storage.googleapis.com/rr-app-e7786.appspot.com/v2/covers/650_226700503.jpg
2024-11-25 11:51:09;205;ef206dca-0dd7-4996-e99a-85d1bf4fddd5;THE CURE;FRIDAY I'M IN LOVE;https://storage.googleapis.com/rr-app-e7786.appspot.com/v2/covers/650_226692627.jpg
2024-11-25 12:02:19;235;4455d334-d7ec-4fde-968c-a695d2ab9c32;QUEEN;FRIENDS WILL BE FRIENDS;https://storage.googleapis.com/rr-app-e7786.appspot.com/v2/covers/650_226717117.jpg
2024-11-25 12:06:15;237;7a2b6803-8efb-417c-e3a0-b87b3e0562f8;GUN;WORD UP;https://storage.googleapis.com/rr-app-e7786.appspot.com/v2/covers/650_226713925.jpg
2024-11-25 12:10:14;233;02121c84-1e64-4c83-f802-4631ad4bcfb7;TOTO;AFRICA;https://storage.googleapis.com/rr-app-e7786.appspot.com/v2/covers/650_226699239.jpg
2024-11-25 12:14:14;246;06b8b092-035b-40bb-bdf5-e62fd5787f6d;DEEP BLUE SOMETHING;BREAKFAST AT TIFFANY'S;https://storage.googleapis.com/rr-app-e7786.appspot.com/v2/covers/650_226693531.jpg
2024-11-25 12:18:20;188;56432eae-e63f-4cd9-a9e7-f3d715a642f1;LINKIN PARK;THE EMPTINESS MACHINE;https://storage.googleapis.com/rr-app-e7786.appspot.com/v2/covers/650_236513247.jpg
2024-11-25 12:21:28;350;045896ea-12d9-4f27-fea0-40ff28c098ec;GUNS N ROSES;SWEET CHILD O'MINE;https://storage.googleapis.com/rr-app-e7786.appspot.com/v2/covers/650_226704679.jpg
2024-11-25 12:27:19;238;664402f7-b087-4ce6-e1ab-c4924ea11dba;UGLY KID JOE;CATS IN THE CRADLE;https://storage.googleapis.com/rr-app-e7786.appspot.com/v2/covers/650_226684015.jpg
2024-11-25 12:34:37;228;a44d8b20-e759-4c88-c98d-f6bbf1093dc8;JOAN OSBORNE;ONE OF US;https://storage.googleapis.com/rr-app-e7786.appspot.com/v2/covers/650_226682897.jpg
2024-11-25 12:38:30;219;0fbe7e98-d391-48a0-328f-6847311469cc;U2;PRIDE [IN THE NAME OF LOVE];https://storage.googleapis.com/rr-app-e7786.appspot.com/v2/covers/650_226715049.jpg
2024-11-25 12:42:09;331;c3377839-b7bc-429f-78dd-2c4d689eb275;DEEP PURPLE;SMOKE ON THE WATER;https://storage.googleapis.com/rr-app-e7786.appspot.com/v2/covers/650_226714731.jpg
2024-11-25 12:47:41;286;ffeaadca-abcf-42d0-72b2-42c29efb7890;GENESIS;NO SON OF MINE;https://storage.googleapis.com/rr-app-e7786.appspot.com/v2/covers/650_226692629.jpg
2024-11-25 12:52:28;258;af38bb12-c51a-4f36-cb4c-9b49e7583e4d;FOREIGNER;JUKE BOX HERO;https://storage.googleapis.com/rr-app-e7786.appspot.com/v2/covers/650_226710677.jpg
2024-11-25 13:04:03;363;4935d0ec-71d1-40b4-d645-4e0091851bf3;AEROSMITH;LIVIN' ON THE EDGE;https://storage.googleapis.com/rr-app-e7786.appspot.com/v2/covers/650_226705391.jpg
2024-11-25 13:10:07;226;759b5e8b-c52a-4fe6-3b66-3fdf5e1b904e;STATUS QUO;IN THE ARMY NOW;https://storage.googleapis.com/rr-app-e7786.appspot.com/v2/covers/650_226698367.jpg
2024-11-25 13:13:53;260;10f3ad75-bb67-478e-7e82-2e94121de816;THIN LIZZY;THE BOYS ARE BACK IN TOWN;https://storage.googleapis.com/rr-app-e7786.appspot.com/v2/covers/650_226714105.jpg
2024-11-25 13:18:18;245;b744746d-14ab-4f1f-a34f-e95a3036fa8b;ALANIS MORISSETTE;THANK U;https://storage.googleapis.com/rr-app-e7786.appspot.com/v2/covers/650_226693517.jpg
2024-11-25 13:22:23;227;533698bf-052c-4aaa-f8f5-0bad2f755725;ZZ TOP;GIMME ALL YOUR LOVIN';https://storage.googleapis.com/rr-app-e7786.appspot.com/v2/covers/650_232402673.jpg
2024-11-25 13:26:10;213;28502836-4563-4a9f-0e65-85335dade472;CRASH TEST DUMMIES;MMM MMM MMM MMM;https://storage.googleapis.com/rr-app-e7786.appspot.com/v2/covers/650_226692615.jpg
2024-11-25 13:29:47;176;c1e352a0-e3b1-4424-724d-8cb4b423bfd4;TWISTED SISTER;I WANNA ROCK;https://storage.googleapis.com/rr-app-e7786.appspot.com/v2/covers/650_226726149.jpg
2024-11-25 13:36:21;231;5c7dab13-226a-452e-c401-45dbbb677ef4;The Hooters;JOHNNY B.;https://storage.googleapis.com/rr-app-e7786.appspot.com/v2/covers/650_226714645.jpg
2024-11-25 13:40:18;300;37c052e9-0070-43ce-0be7-65abea560904;KISS;GOD GAVE ROCK 'N' ROLL TO YOU II;https://storage.googleapis.com/rr-app-e7786.appspot.com/v2/covers/650_226690005.jpg
2024-11-25 13:45:20;243;e2914f2b-c02a-417e-ab77-1635875cae71;JOE COCKER;YOU CAN LEAVE YOUR HAT ON;https://storage.googleapis.com/rr-app-e7786.appspot.com/v2/covers/650_226693825.jpg
2024-11-25 13:51:45;223;394b62bf-24cb-4016-0392-34a8d70ff366;BON JOVI;IT'S MY LIFE;https://storage.googleapis.com/rr-app-e7786.appspot.com/v2/covers/650_226690677.jpg
2024-11-25 14:02:21;284;d9870a97-7617-4df9-1bb2-d2e5196a525f;BILLY IDOL;REBEL YELL;https://storage.googleapis.com/rr-app-e7786.appspot.com/v2/covers/650_226714465.jpg
2024-11-25 14:07:05;237;a2c017cd-9049-4c1d-e7bc-37b5f668b9fc;OASIS;WONDERWALL;https://storage.googleapis.com/rr-app-e7786.appspot.com/v2/covers/650_226682893.jpg
2024-11-25 14:11:04;253;b00bdea8-105b-447c-a33b-2c3c472c7f39;MIDNIGHT OIL;BEDS ARE BURNING;https://storage.googleapis.com/rr-app-e7786.appspot.com/v2/covers/650_226698403.jpg
2024-11-25 14:15:21;237;6a678f7b-71df-46a7-1cf6-0fbc4d7a1c3a;QUEEN;THE SHOW MUST GO ON;https://storage.googleapis.com/rr-app-e7786.appspot.com/v2/covers/650_226693577.jpg
2024-11-25 14:19:17;195;38ad8a08-8e5d-4ec0-ba53-2cf2434d40e1;THE OFFSPRING;MAKE IT ALL RIGHT;https://storage.googleapis.com/rr-app-e7786.appspot.com/v2/covers/650_235956685.jpg
2024-11-25 14:25:35;311;fa382755-2756-44f4-e963-264154a3e46c;METALLICA;ENTER SANDMAN;https://storage.googleapis.com/rr-app-e7786.appspot.com/v2/covers/650_232396157.jpg
2024-11-25 14:33:47;276;cbb55cda-5aef-4e84-c8aa-218e21b3a1de;NEW RADICALS;YOU GET WHAT YOU GIVE;https://storage.googleapis.com/rr-app-e7786.appspot.com/v2/covers/650_226683675.jpg
2024-11-25 14:38:26;219;0811d05c-d15b-4cdb-f262-9f034f48f6c1;DIRE STRAITS;WALK OF LIFE;https://storage.googleapis.com/rr-app-e7786.appspot.com/v2/covers/650_226711389.jpg
2024-11-25 14:42:05;184;1d9c94aa-c1ad-41cd-7ca8-da179dbfb122;FOREIGNER;COLD AS ICE;https://storage.googleapis.com/rr-app-e7786.appspot.com/v2/covers/650_231889873.jpg
2024-11-25 14:47:08;265;04ae62f8-0c96-440f-82a6-6841fd32bdea;COUNTING CROWS;MR. JONES;https://storage.googleapis.com/rr-app-e7786.appspot.com/v2/covers/650_226683849.jpg
2024-11-25 14:51:35;243;768945c2-7f64-4bf4-3253-ef64d348a01b;EUROPE;ROCK THE NIGHT;https://storage.googleapis.com/rr-app-e7786.appspot.com/v2/covers/650_226715001.jpg
2024-11-25 15:04:14;339;0648c891-ec12-4cbf-61d3-0fcdafa98391;SAGA;WIND HIM UP;https://storage.googleapis.com/rr-app-e7786.appspot.com/v2/covers/650_226716885.jpg
2024-11-25 15:09:56;198;93c36ce4-b04d-4786-8a49-87be6edeeea9;LIVE;SELLING THE DRAMA;https://storage.googleapis.com/rr-app-e7786.appspot.com/v2/covers/650_226713907.jpg
2024-11-25 15:13:15;313;1337502f-b0f4-4043-8248-5f6042908482;PHIL COLLINS;I WISH IT WOULD RAIN DOWN;https://storage.googleapis.com/rr-app-e7786.appspot.com/v2/covers/650_226682323.jpg
2024-11-25 15:18:33;250;ec987849-39f9-41fe-3ae3-1a756e3a9074;TOM COCHRANE;LIFE IS A HIGHWAY;https://storage.googleapis.com/rr-app-e7786.appspot.com/v2/covers/650_226682617.jpg
2024-11-25 15:22:44;228;f84dcd0f-470c-44ed-fdde-1588433487f6;PINK;SOBER;https://storage.googleapis.com/rr-app-e7786.appspot.com/v2/covers/650_226692473.jpg
2024-11-25 15:32:12;216;814f394d-8d9d-4539-e474-eafae45e8709;TOM PETTY & THE HEARTBREAKERS;INTO THE GREAT WIDE OPEN;https://storage.googleapis.com/rr-app-e7786.appspot.com/v2/covers/650_226693567.jpg
2024-11-25 15:35:56;241;6a590e08-7578-4486-d104-f32f7be0f210;STEVE WINWOOD;HIGHER LOVE;https://storage.googleapis.com/rr-app-e7786.appspot.com/v2/covers/650_226688457.jpg
2024-11-25 15:41:44;197;38f2bb57-cbea-44e9-c899-030de35b5eab;JIMI HENDRIX;HEY JOE;https://storage.googleapis.com/rr-app-e7786.appspot.com/v2/covers/650_226709773.jpg
2024-11-25 15:45:03;237;5aa8c33f-359a-41c0-e5b7-cf74aba1e935;BILLY IDOL;CRADLE OF LOVE;https://storage.googleapis.com/rr-app-e7786.appspot.com/v2/covers/650_226684095.jpg
2024-11-25 15:49:00;207;1319d00a-f8cd-4ba9-8a07-a157ac0ae630;MARILLION;KAYLEIGH;https://storage.googleapis.com/rr-app-e7786.appspot.com/v2/covers/650_226699203.jpg
2024-11-25 15:52:30;249;72c13ce1-1931-4ff4-73ee-9c93ca8468aa;CRANBERRIES;ZOMBIE;https://storage.googleapis.com/rr-app-e7786.appspot.com/v2/covers/650_226683727.jpg
2024-11-25 16:04:15;209;9447d216-b8c7-46b8-2dad-26a79b49eecf;TWISTED SISTER;WE'RE NOT GONNA TAKE IT;https://storage.googleapis.com/rr-app-e7786.appspot.com/v2/covers/650_226726143.jpg
2024-11-25 16:07:47;296;e527f280-70f5-4ff3-210e-b424f63ec28b;BON JOVI;BED OF ROSES;https://storage.googleapis.com/rr-app-e7786.appspot.com/v2/covers/650_226691359.jpg
2024-11-25 16:14:45;265;4bb8d8d9-79cb-4b3e-dfce-45d9925df095;WHITESNAKE;HERE I GO AGAIN;https://storage.googleapis.com/rr-app-e7786.appspot.com/v2/covers/650_226711341.jpg
2024-11-25 16:19:16;208;b4ed3f51-9595-4f56-b287-d31d1bd8f476;GOO GOO DOLLS;GIVE A LITTLE BIT;https://storage.googleapis.com/rr-app-e7786.appspot.com/v2/covers/650_226702873.jpg
2024-11-25 16:23:52;250;736d8212-1649-4fe1-4e54-18b40c15a4af;NO DOUBT;DON'T SPEAK;https://storage.googleapis.com/rr-app-e7786.appspot.com/v2/covers/650_226693615.jpg
2024-11-25 16:34:53;214;f2728708-b2b1-4c17-e27a-5d2fa73b94c7;ALANIS MORISSETTE;IRONIC;https://storage.googleapis.com/rr-app-e7786.appspot.com/v2/covers/650_226710803.jpg
2024-11-25 16:41:09;225;9019d074-e389-4cb1-6257-f969aab43cfd;VAN HALEN;JUMP;https://storage.googleapis.com/rr-app-e7786.appspot.com/v2/covers/650_226709671.jpg
2024-11-25 16:44:23;259;0ed0deed-4b02-468c-a9fc-38be64b626bb;ERIC CLAPTON;LAYLA;https://storage.googleapis.com/rr-app-e7786.appspot.com/v2/covers/650_226693635.jpg
2024-11-25 16:48:43;176;2974f545-5ba8-471b-ae4e-1b45a012ff15;CHEAP TRICK;I WANT YOU TO WANT ME;https://storage.googleapis.com/rr-app-e7786.appspot.com/v2/covers/650_226705731.jpg
2024-11-25 16:53:50;220;90ce2eff-aa69-462d-b004-828528857a50;BRYAN ADAMS;RUN TO YOU;https://storage.googleapis.com/rr-app-e7786.appspot.com/v2/covers/650_226712929.jpg
2024-11-25 17:06:35;245;f2971c0f-5339-404a-da1f-e6dc4c7bd892;SPIN DOCTORS;TWO PRINCES;https://storage.googleapis.com/rr-app-e7786.appspot.com/v2/covers/650_226683567.jpg
2024-11-25 17:10:43;203;7099457d-cdcc-4217-bfd0-3471d1524b7e;EDDIE MONEY;TAKE ME HOME TONIGHT;https://storage.googleapis.com/rr-app-e7786.appspot.com/v2/covers/650_226690051.jpg
2024-11-25 17:15:01;119;7f74cf5b-3021-491d-d77c-b1aceda3f465;BLUR;SONG 2;https://storage.googleapis.com/rr-app-e7786.appspot.com/v2/covers/650_226690047.jpg
2024-11-25 17:17:05;138;c3ac2072-346c-4712-3e29-7710525c0e41;BOB DYLAN;KNOCKIN' ON HEAVENS DOOR;https://storage.googleapis.com/rr-app-e7786.appspot.com/v2/covers/650_226682099.jpg
2024-11-25 17:20:30;275;68fa2ab4-c17d-46d3-dcdf-82d2dc1958e1;NEIL YOUNG;ROCKIN' IN THE FREE WORLD;https://storage.googleapis.com/rr-app-e7786.appspot.com/v2/covers/650_226704651.jpg
2024-11-25 17:25:07;223;7eeca415-e52b-435b-300b-5c16dc7c27d7;EVERLAST;WHAT IT'S LIKE;https://storage.googleapis.com/rr-app-e7786.appspot.com/v2/covers/650_226683627.jpg
2024-11-25 17:34:36;226;2b4b0fb4-7f44-4121-e565-a75496ccfc7e;SCORPIONS;NO ONE LIKE YOU;https://storage.googleapis.com/rr-app-e7786.appspot.com/v2/covers/650_226719531.jpg
2024-11-25 17:38:25;182;2b3f47ab-9b3d-4e9a-6c3e-25262c92beb7;BANANAFISHBONES;COME TO SIN;https://storage.googleapis.com/rr-app-e7786.appspot.com/v2/covers/650_226683503.jpg
2024-11-25 17:43:18;189;433ec1b8-aae5-42a3-c278-27851f52a7ce;LINKIN PARK;BREAKING THE HABIT;https://storage.googleapis.com/rr-app-e7786.appspot.com/v2/covers/650_226705447.jpg
2024-11-25 17:46:27;255;af0d3a81-ddb4-4c0b-1ad3-9731ca946659;STING;ENGLISHMAN IN NEW YORK;https://storage.googleapis.com/rr-app-e7786.appspot.com/v2/covers/650_226698427.jpg
2024-11-25 17:50:51;305;f93f1678-b506-4c7b-ea83-1f54a5537e5b;AEROSMITH;CRYIN';https://storage.googleapis.com/rr-app-e7786.appspot.com/v2/covers/650_226682253.jpg
2024-11-25 18:03:57;302;4519f179-393e-4b7f-e836-b3e879a10531;MEAT LOAF;ROCK AND ROLL DREAMS COME THROUGH;https://storage.googleapis.com/rr-app-e7786.appspot.com/v2/covers/650_226690033.jpg
2024-11-25 18:09:01;245;56370fcd-6df4-4612-8a50-1905e6ff444e;STEVE WINWOOD;VALERIE;https://storage.googleapis.com/rr-app-e7786.appspot.com/v2/covers/650_226716625.jpg
2024-11-25 18:13:06;154;0ac9350e-a62d-4a17-98a8-dbe7d787d1ae;URIAH HEEP;EASY LIVIN';https://storage.googleapis.com/rr-app-e7786.appspot.com/v2/covers/650_226725837.jpg
2024-11-25 18:15:43;179;1f0615b0-4473-4546-49d1-5b5556df0ae5;FAITH NO MORE;EASY;https://storage.googleapis.com/rr-app-e7786.appspot.com/v2/covers/650_226682463.jpg
2024-11-25 18:18:42;152;19dbbdde-c3f0-4ac4-5688-59a37026c920;JUDAS PRIEST;BREAKING THE LAW;https://storage.googleapis.com/rr-app-e7786.appspot.com/v2/covers/650_226705529.jpg
2024-11-25 18:21:15;232;7725f9ed-4850-4f6b-d166-7f235e1b2c2c;SANTANA FEAT. ROB THOMAS;SMOOTH;https://storage.googleapis.com/rr-app-e7786.appspot.com/v2/covers/650_226683803.jpg
2024-11-25 18:25:08;227;e93e7c65-bc9c-4cc6-48ab-9c5d9370642b;MELISSA ETHERIDGE;BRING ME SOME WATER;https://storage.googleapis.com/rr-app-e7786.appspot.com/v2/covers/650_226698509.jpg
2024-11-25 18:34:38;220;ea702557-5600-4faf-751d-e00b67677032;BRUCE SPRINGSTEEN;DANCING IN THE DARK;https://storage.googleapis.com/rr-app-e7786.appspot.com/v2/covers/650_226708979.jpg
2024-11-25 18:38:24;261;0e7b45a7-8ae0-49e6-3ff5-28747f6ebd20;BON JOVI;IN THESE ARMS;https://storage.googleapis.com/rr-app-e7786.appspot.com/v2/covers/650_226683247.jpg
2024-11-25 18:42:47;153;314c05f8-0779-46d2-5a1b-f56ed1b54760;TRACY CHAPMAN;TALKIN' BOUT A REVOLUTION;https://storage.googleapis.com/rr-app-e7786.appspot.com/v2/covers/650_226693909.jpg
2024-11-25 18:45:20;272;f519cb4a-4cfa-4810-fcee-e34f206a25f1;RED HOT CHILI PEPPERS;SNOW [HEY OH];https://storage.googleapis.com/rr-app-e7786.appspot.com/v2/covers/650_226702623.jpg
2024-11-25 18:49:52;300;c8dfcadf-281f-4de8-acb0-0b75ee6f1f05;FURY IN THE SLAUGHTERHOUSE;WON'T FORGET THESE DAYS;https://storage.googleapis.com/rr-app-e7786.appspot.com/v2/covers/650_226705421.jpg
2024-11-25 18:54:56;256;d5626660-b50e-40db-cc85-9d2e69680158;FOREIGNER;URGENT;https://storage.googleapis.com/rr-app-e7786.appspot.com/v2/covers/650_226710685.jpg
2024-11-25 19:04:21;206;623ae961-f94e-4aa3-959e-d6ac8e1365e8;LEMONHEADS;MRS. ROBINSON;https://storage.googleapis.com/rr-app-e7786.appspot.com/v2/covers/650_226704643.jpg
2024-11-25 19:07:51;227;1de726c0-5816-401f-bc2d-831b055de445;JOE COCKER;UNCHAIN MY HEART;https://storage.googleapis.com/rr-app-e7786.appspot.com/v2/covers/650_235596147.jpg
2024-11-25 19:11:38;255;b513e05d-01b6-4a9f-4316-7a4bf977ca1b;METALLICA;NOTHING ELSE MATTERS;https://storage.googleapis.com/rr-app-e7786.appspot.com/v2/covers/650_226716189.jpg
2024-11-25 19:15:57;251;0a84ed14-13e3-47ca-d91b-4a9cec447151;THE ROLLING STONES;BEAST OF BURDEN;https://storage.googleapis.com/rr-app-e7786.appspot.com/v2/covers/650_226713253.jpg
2024-11-25 19:20:08;209;cbb6a866-9a7b-4e77-8449-92b198e21fc6;AC/DC;YOU SHOOK ME ALL NIGHT LONG;https://storage.googleapis.com/rr-app-e7786.appspot.com/v2/covers/650_226700373.jpg
2024-11-25 19:23:39;218;5608aa63-b6a7-4c9d-92d3-5774efdef321;CHRIS REA;JULIA;https://storage.googleapis.com/rr-app-e7786.appspot.com/v2/covers/650_226683001.jpg
2024-11-25 19:27:17;241;e0b928df-fc9a-499e-cadd-164897674929;GOSSIP;HEAVY CROSS;https://storage.googleapis.com/rr-app-e7786.appspot.com/v2/covers/650_226691861.jpg
2024-11-25 19:33:13;153;082ffc00-e3f3-431b-8152-a8a82f83f544;THE CURE;BOYS DON'T CRY;https://storage.googleapis.com/rr-app-e7786.appspot.com/v2/covers/650_232402491.jpg
2024-11-25 19:35:52;290;270ef2e7-e0bd-4854-20dd-ee46233d43b7;OASIS;WHATEVER;https://storage.googleapis.com/rr-app-e7786.appspot.com/v2/covers/650_226684163.jpg
2024-11-25 19:40:42;240;cb41d165-1191-4f32-b900-941166af9edf;TINA TURNER;WE DON'T NEED ANOTHER HERO;https://storage.googleapis.com/rr-app-e7786.appspot.com/v2/covers/650_226693813.jpg
2024-11-25 19:44:43;181;faf3a454-c499-4dcd-956f-1da6ec7fec4f;LINKIN PARK;NUMB;https://storage.googleapis.com/rr-app-e7786.appspot.com/v2/covers/650_226705451.jpg
2024-11-25 19:47:44;262;5ede448e-089b-4a4b-9916-70878b3dfb58;R.E.M.;LOSING MY RELIGION;https://storage.googleapis.com/rr-app-e7786.appspot.com/v2/covers/650_226682565.jpg
2024-11-25 19:52:14;262;e23bacd0-09db-4ab3-e626-4a999006d986;U2;I STILL HAVEN'T FOUND WHAT I'M LOOKING FOR;https://storage.googleapis.com/rr-app-e7786.appspot.com/v2/covers/650_226694897.jpg
2024-11-25 19:56:37;227;1cb2104f-43d8-4a2c-94db-a750c98cafdf;EDWYN COLLINS;A GIRL LIKE YOU;https://storage.googleapis.com/rr-app-e7786.appspot.com/v2/covers/650_226695231.jpg
2024-11-25 20:03:14;202;c432f613-8413-4113-82f0-d61ed33dc1c9;NAZARETH;DREAM ON;https://storage.googleapis.com/rr-app-e7786.appspot.com/v2/covers/650_226693685.jpg
2024-11-25 20:06:40;174;9a29bb78-b853-4030-59fb-bb82d54de2f1;CHUMBAWAMBA;TUBTHUMPING;https://storage.googleapis.com/rr-app-e7786.appspot.com/v2/covers/650_226683249.jpg
2024-11-25 20:09:35;248;f57f007e-b9f0-4d6f-e2f3-2176acb4f9df;NICKELBACK;ROCKSTAR;https://storage.googleapis.com/rr-app-e7786.appspot.com/v2/covers/650_226715431.jpg
2024-11-25 20:13:47;267;f037e462-98e3-4288-ec5f-0a17d48413b0;PAUL SIMON;YOU CAN CALL ME AL;https://storage.googleapis.com/rr-app-e7786.appspot.com/v2/covers/650_226688345.jpg
2024-11-25 20:18:14;351;2f840e06-db7e-44d2-c9c0-e320bd21947a;HEROES DEL SILENCIO;ENTRE DOS TIERRAS;https://storage.googleapis.com/rr-app-e7786.appspot.com/v2/covers/650_226690001.jpg
2024-11-25 20:24:06;223;4540d306-4d7d-4d77-a182-f711e3c01c0f;HUEY LEWIS & THE NEWS;THE POWER OF LOVE;https://storage.googleapis.com/rr-app-e7786.appspot.com/v2/covers/650_226688343.jpg
2024-11-25 20:27:49;153;7ac6dfb7-a371-4ce0-39e5-b5f2740e4d8f;VAN HALEN;YOU REALLY GOT ME;https://storage.googleapis.com/rr-app-e7786.appspot.com/v2/covers/650_226716657.jpg
2024-11-25 20:31:24;230;1f9c4ea8-8f77-4231-5b7a-bc2143841d78;TOM PETTY & THE HEARTBREAKERS;LEARNING TO FLY;https://storage.googleapis.com/rr-app-e7786.appspot.com/v2/covers/650_226693581.jpg
2024-11-25 20:35:18;197;0da2af31-ceb9-4ee9-1148-183706aba6fc;BILLY IDOL;HOT IN THE CITY;https://storage.googleapis.com/rr-app-e7786.appspot.com/v2/covers/650_226687969.jpg
2024-11-25 20:38:34;238;0a2a3a58-ec2f-421f-7185-518697988af5;BLONDIE;MARIA;https://storage.googleapis.com/rr-app-e7786.appspot.com/v2/covers/650_226693595.jpg
2024-11-25 20:42:32;236;ba2feb3a-43a2-4fd4-6128-77a635f885c5;SUPERTRAMP;TAKE THE LONG WAY HOME;https://storage.googleapis.com/rr-app-e7786.appspot.com/v2/covers/650_226698771.jpg
2024-11-25 20:46:28;225;be476375-b0c5-4f30-c9c8-6af2d3aea1c5;BON JOVI;RUNAWAY;https://storage.googleapis.com/rr-app-e7786.appspot.com/v2/covers/650_226692157.jpg
2024-11-25 20:50:15;248;b6bebc8c-757f-4129-9337-8f5b7569d0b3;MIKE & THE MECHANICS;ANOTHER CUP OF COFFEE;https://storage.googleapis.com/rr-app-e7786.appspot.com/v2/covers/650_226693611.jpg
2024-11-25 20:54:24;279;303d6754-3438-4444-1d0f-b3ebb91ff127;PETER GABRIEL;SLEDGEHAMMER;https://storage.googleapis.com/rr-app-e7786.appspot.com/v2/covers/650_226714535.jpg
2024-11-25 21:01:20;266;6b9fb1f5-c82d-4957-b19b-57c8600431a4;CRANBERRIES;ODE TO MY FAMILY;https://storage.googleapis.com/rr-app-e7786.appspot.com/v2/covers/650_226683333.jpg
2024-11-25 21:05:48;258;0490c353-98e6-4353-0f62-970671d8da09;DEF LEPPARD;POUR SOME SUGAR ON ME;https://storage.googleapis.com/rr-app-e7786.appspot.com/v2/covers/650_226715469.jpg
2024-11-25 21:10:06;221;38ce32e8-e943-444c-c215-7a6210ffbd1f;ROD STEWART;RHYTHM OF MY HEART;https://storage.googleapis.com/rr-app-e7786.appspot.com/v2/covers/650_226693547.jpg
2024-11-25 21:13:53;272;ae570624-c7c5-4f0a-b1c0-a7a372efaf40;BOSTON;MORE THAN A FEELING;https://storage.googleapis.com/rr-app-e7786.appspot.com/v2/covers/650_226711719.jpg
2024-11-25 21:18:25;334;394ed264-949b-415e-82cc-993e6a283757;QUEEN;RADIO GA GA;https://storage.googleapis.com/rr-app-e7786.appspot.com/v2/covers/650_226693743.jpg
2024-11-25 21:24:00;217;b48b9088-4f27-4d1b-4b55-592b655d5ab4;4 NON BLONDES;WHAT'S UP;https://storage.googleapis.com/rr-app-e7786.appspot.com/v2/covers/650_226683911.jpg
2024-11-25 21:27:37;260;b001b77b-c4b3-4728-c5a7-c630258e602a;STAIND;IT'S BEEN AWHILE;https://storage.googleapis.com/rr-app-e7786.appspot.com/v2/covers/650_226704673.jpg
2024-11-25 21:33:34;196;172cdbf9-acf7-46f3-191e-a158588afa37;KIM WILDE;CHEQUERED LOVE;https://storage.googleapis.com/rr-app-e7786.appspot.com/v2/covers/650_226693663.jpg
2024-11-25 21:36:56;262;06ba51c5-bb03-4d66-7ead-02d6b6f75416;ZZ TOP;VIVA LAS VEGAS;https://storage.googleapis.com/rr-app-e7786.appspot.com/v2/covers/650_232417719.jpg
2024-11-25 21:41:18;192;a90c8531-e6ae-4e59-2bae-507b26cac1c4;THE PROCLAIMERS;I'M GONNA BE [500 MILES];https://storage.googleapis.com/rr-app-e7786.appspot.com/v2/covers/650_226690011.jpg
2024-11-25 21:44:31;212;0254fe97-f9c2-4aa3-2f7f-67079e6b493f;COUNTING CROWS;BIG YELLOW TAXI;https://storage.googleapis.com/rr-app-e7786.appspot.com/v2/covers/650_226700761.jpg
2024-11-25 21:48:03;179;5cae1dd3-c2d3-4c75-98af-495dfce39eff;DIE TOTEN HOSEN;ALLES AUS LIEBE;https://storage.googleapis.com/rr-app-e7786.appspot.com/v2/covers/650_226704749.jpg
2024-11-25 21:51:10;182;83fae286-50dd-4d74-8866-083fee7ee97b;ELECTRIC LIGHT ORCHESTRA;HOLD ON TIGHT;https://storage.googleapis.com/rr-app-e7786.appspot.com/v2/covers/650_226693657.jpg
2024-11-25 21:54:12;232;48ac79c3-e0a1-400e-4984-5533d090e2d1;NATALIE IMBRUGLIA;TORN;https://storage.googleapis.com/rr-app-e7786.appspot.com/v2/covers/650_226693529.jpg
2024-11-25 21:58:06;163;f04d9545-538c-4547-4893-ae8ff3592582;MOTÖRHEAD;ACE OF SPADES;https://storage.googleapis.com/rr-app-e7786.appspot.com/v2/covers/650_226705489.jpg
2024-11-25 22:02:27;195;e065bbf2-6614-458c-015a-73608aafc2be;REO SPEEDWAGON;KEEP ON LOVING YOU;https://storage.googleapis.com/rr-app-e7786.appspot.com/v2/covers/650_226726243.jpg
2024-11-25 22:05:43;185;13678b03-4b8d-4806-291e-c81a08f8ab17;OFFSPRING;PRETTY FLY [FOR A WHITE GUY];https://storage.googleapis.com/rr-app-e7786.appspot.com/v2/covers/650_226703061.jpg
2024-11-25 22:08:48;189;4baae1b4-a658-4097-1bbd-5e7ab1a92151;LIFEHOUSE;HALFWAY GONE;https://storage.googleapis.com/rr-app-e7786.appspot.com/v2/covers/650_226691353.jpg
2024-11-25 22:12:01;214;14cfb33d-1a60-4c24-3123-3f19837df8c5;HEART;ALONE;https://storage.googleapis.com/rr-app-e7786.appspot.com/v2/covers/650_226693879.jpg
2024-11-25 22:15:35;249;d9e08e57-d933-44e8-7d1f-008eb6521909;RED HOT CHILI PEPPERS;OTHERSIDE;https://storage.googleapis.com/rr-app-e7786.appspot.com/v2/covers/650_226709005.jpg
2024-11-25 22:19:47;285;7ccf970c-19fa-4816-a867-78f467a02005;BILLY IDOL;EYES WITHOUT A FACE;https://storage.googleapis.com/rr-app-e7786.appspot.com/v2/covers/650_226714469.jpg
2024-11-25 22:24:32;178;846919a1-f238-4ad1-c856-564377ed26f3;THE POLICE;ROXANNE;https://storage.googleapis.com/rr-app-e7786.appspot.com/v2/covers/650_226688443.jpg
2024-11-25 22:27:30;257;bc787370-68af-4d8c-2da9-8f44f1257f2e;THE ROLLING STONES;LIKE A ROLLING STONE;https://storage.googleapis.com/rr-app-e7786.appspot.com/v2/covers/650_226682823.jpg
2024-11-25 22:33:00;299;40f17cf5-5e13-4e76-955f-7cf42d158083;METALLICA;WHISKEY IN THE JAR;https://storage.googleapis.com/rr-app-e7786.appspot.com/v2/covers/650_226716951.jpg
2024-11-25 22:38:03;270;8f8186a3-3b7c-4dc5-8ed5-160695b7c780;ALANNAH MYLES;BLACK VELVET;https://storage.googleapis.com/rr-app-e7786.appspot.com/v2/covers/650_226693931.jpg
2024-11-25 22:42:33;231;f5f1ac2a-077d-4a35-9268-e1c7ea9a51f8;FOO FIGHTERS;LEARN TO FLY;https://storage.googleapis.com/rr-app-e7786.appspot.com/v2/covers/650_226701811.jpg
2024-11-25 22:46:24;150;844ff5f8-2779-4dd2-5185-38343cc84d61;CREEDENCE CLEARWATER REVIVAL;HEY TONIGHT;https://storage.googleapis.com/rr-app-e7786.appspot.com/v2/covers/650_226715237.jpg
2024-11-25 22:48:53;244;8e1f4192-8c7b-40d3-4b4b-e368aa5b2db3;AEROSMITH;RAG DOLL;https://storage.googleapis.com/rr-app-e7786.appspot.com/v2/covers/650_226690029.jpg
2024-11-25 22:53:05;240;2eced028-80db-4850-4549-77f340148c5f;REM;THE SIDEWINDER SLEEPS TONITE;https://storage.googleapis.com/rr-app-e7786.appspot.com/v2/covers/650_226709977.jpg
2024-11-25 22:57:05;248;54904c5a-e786-4a66-f92d-391dd2461d4b;PHIL COLLINS;IN THE AIR TONIGHT;https://storage.googleapis.com/rr-app-e7786.appspot.com/v2/covers/650_226688015.jpg
2024-11-25 23:03:07;267;c09a7651-3121-4e42-fdbf-c24fbebbf8e8;U2;ONE;https://storage.googleapis.com/rr-app-e7786.appspot.com/v2/covers/650_226722427.jpg
2024-11-25 23:07:37;264;9fb5141c-7ccb-4882-d9ab-96ae498b63ec;HUEY LEWIS & THE NEWS;THE HEART OF ROCK AND ROLL;https://storage.googleapis.com/rr-app-e7786.appspot.com/v2/covers/650_226711977.jpg
2024-11-25 23:12:02;372;7b5a875a-fe9a-473c-10d6-546ad600b234;GUNS N' ROSES;NOVEMBER RAIN;https://storage.googleapis.com/rr-app-e7786.appspot.com/v2/covers/650_226684739.jpg
2024-11-25 23:18:18;188;1d9c94aa-c1ad-41cd-7ca8-da179dbfb122;FOREIGNER;COLD AS ICE;https://storage.googleapis.com/rr-app-e7786.appspot.com/v2/covers/650_231889873.jpg
2024-11-25 23:21:26;185;a4cb202a-e19a-46ea-0d06-40b01d6508e3;THE CLASH;SHOULD I STAY OR SHOULD I GO;https://storage.googleapis.com/rr-app-e7786.appspot.com/v2/covers/650_226710459.jpg
2024-11-25 23:24:34;213;28502836-4563-4a9f-0e65-85335dade472;CRASH TEST DUMMIES;MMM MMM MMM MMM;https://storage.googleapis.com/rr-app-e7786.appspot.com/v2/covers/650_226692615.jpg
2024-11-25 23:28:07;217;2a166cbd-dce0-4264-ec6b-8b3e4455a88c;PINK;JUST LIKE A PILL;https://storage.googleapis.com/rr-app-e7786.appspot.com/v2/covers/650_226696341.jpg
2024-11-25 23:32:25;232;e4a058dd-7d8e-439a-6518-be95ea34c027;RICK SPRINGFIELD;CELEBRATE YOUTH;https://storage.googleapis.com/rr-app-e7786.appspot.com/v2/covers/650_226693787.jpg
2024-11-25 23:36:20;173;9fe704f7-2dd7-4d47-4264-2959822e5c47;GARY MOORE;WALKING BY MYSELF;https://storage.googleapis.com/rr-app-e7786.appspot.com/v2/covers/650_226709363.jpg
2024-11-25 23:39:13;251;67fdb35c-1379-48b1-de58-e25667a7993c;MIKE & THE MECHANICS;SILENT RUNNING;https://storage.googleapis.com/rr-app-e7786.appspot.com/v2/covers/650_226688115.jpg
2024-11-25 23:43:24;209;b4ed3f51-9595-4f56-b287-d31d1bd8f476;GOO GOO DOLLS;GIVE A LITTLE BIT;https://storage.googleapis.com/rr-app-e7786.appspot.com/v2/covers/650_226702873.jpg
2024-11-25 23:46:53;253;7eca0832-e14d-4877-f8b7-de52f838daf1;JON BON JOVI;BLAZE OF GLORY;https://storage.googleapis.com/rr-app-e7786.appspot.com/v2/covers/650_226683553.jpg
2024-11-25 23:51:12;201;a073b37e-5f5f-4867-808e-a1f54f97787f;IGGY POP;REAL WILD CHILD [WILD ONE];https://storage.googleapis.com/rr-app-e7786.appspot.com/v2/covers/650_226690031.jpg
2024-11-25 23:54:33;216;02fe0049-281d-4918-864a-75b1e9974bb9;JOE COCKER;SUMMER IN THE CITY;https://storage.googleapis.com/rr-app-e7786.appspot.com/v2/covers/650_226693543.jpg
2024-11-25 23:58:11;254;6b56e8a3-2ec1-4ebc-fbef-c591c6a52ae3;LOVERBOY;TURN ME LOOSE;https://storage.googleapis.com/rr-app-e7786.appspot.com/v2/covers/650_226691869.jpg
